usuario1_id,usuario2_id,desde,nivel_confianza,tipo_amistad
60,694,2020-08-18,4,Mejor amigo
47,1010,2021-03-30,10,Mejor amigo
825,1395,2023-07-06,2,Mejor amigo
980,1434,2023-06-18,1,Mejor amigo
1017,484,2022-01-25,7,Compañero de trabajo
32,748,2020-11-19,1,Mejor amigo
1108,295,2022-11-16,2,Compañero de trabajo
370,459,2023-02-10,6,Conocido
1381,327,2023-02-20,2,Mejor amigo
1391,1351,2024-08-16,6,Cercana
687,1105,2020-07-23,8,Cercana
1407,543,2020-04-24,7,Compañero de trabajo
150,1071,2024-06-07,3,Cercana
1169,285,2024-03-30,6,Mejor amigo
936,1217,2023-04-22,1,Conocido
482,881,2024-05-23,10,Conocido
1120,34,2023-01-12,3,Compañero de trabajo
78,678,2024-01-28,1,Compañero de trabajo
1357,1111,2022-12-12,7,Conocido
1040,598,2020-12-28,3,Conocido
1241,692,2021-12-15,10,Cercana
1326,173,2021-01-31,5,Conocido
926,1283,2024-06-25,9,Mejor amigo
74,1424,2022-01-19,8,Cercana
732,367,2024-11-04,4,Mejor amigo
917,800,2021-04-22,8,Compañero de trabajo
1105,1345,2021-10-16,3,Cercana
1261,926,2024-05-01,5,Mejor amigo
160,1258,2020-08-12,2,Mejor amigo
1014,1251,2024-09-21,9,Mejor amigo
788,1110,2022-07-17,3,Mejor amigo
1036,1019,2022-06-28,3,Compañero de trabajo
656,1058,2022-05-01,10,Compañero de trabajo
1012,79,2023-06-15,9,Conocido
1396,1074,2024-09-17,1,Mejor amigo
1318,382,2022-11-15,4,Conocido
107,1425,2020-04-17,5,Cercana
1359,739,2021-01-18,7,Mejor amigo
1491,1269,2021-11-02,6,Mejor amigo
1166,79,2024-10-04,1,Cercana
344,573,2020-11-24,9,Compañero de trabajo
702,768,2022-03-26,5,Conocido
374,1073,2024-06-17,7,Mejor amigo
1216,808,2023-04-10,4,Compañero de trabajo
723,1253,2022-09-09,5,Compañero de trabajo
1308,506,2021-01-30,3,Conocido
802,456,2024-10-28,4,Cercana
697,830,2022-10-12,3,Conocido
164,1402,2021-08-28,6,Compañero de trabajo
1092,692,2022-01-27,8,Compañero de trabajo
704,797,2021-07-09,3,Compañero de trabajo
827,1207,2023-07-31,4,Compañero de trabajo
704,1085,2022-07-14,10,Conocido
210,458,2022-11-26,9,Cercana
1147,1456,2024-01-05,7,Conocido
750,53,2020-07-17,8,Conocido
792,1145,2020-09-17,6,Cercana
1250,657,2024-02-25,8,Conocido
536,460,2023-12-21,1,Compañero de trabajo
628,1287,2022-04-11,10,Cercana
1384,1050,2022-02-05,10,Cercana
232,986,2024-04-18,10,Mejor amigo
338,97,2020-06-23,4,Conocido
1192,484,2020-09-20,5,Cercana
177,746,2020-07-21,4,Mejor amigo
630,181,2023-09-29,6,Conocido
930,221,2023-03-24,6,Conocido
415,220,2021-10-16,4,Compañero de trabajo
750,1269,2023-07-27,4,Mejor amigo
975,1491,2020-07-12,9,Cercana
488,873,2023-02-04,8,Conocido
94,33,2022-08-29,10,Conocido
307,1428,2024-12-16,2,Conocido
179,73,2024-04-16,6,Compañero de trabajo
936,785,2020-11-09,10,Cercana
1426,1212,2021-09-19,9,Mejor amigo
1150,124,2024-03-05,10,Compañero de trabajo
979,14,2025-01-24,5,Conocido
266,482,2022-02-18,9,Conocido
824,334,2020-10-28,3,Conocido
1142,877,2020-06-23,7,Cercana
665,1196,2024-09-11,9,Mejor amigo
922,1104,2021-06-24,8,Conocido
612,344,2023-06-15,3,Mejor amigo
1447,692,2021-07-22,9,Conocido
1371,573,2024-03-28,9,Conocido
1205,865,2024-02-18,6,Conocido
1460,1257,2022-10-27,5,Compañero de trabajo
1029,264,2023-09-17,5,Cercana
170,1420,2020-02-26,7,Conocido
53,279,2023-11-06,1,Cercana
88,320,2020-05-04,5,Conocido
1310,471,2022-09-17,10,Compañero de trabajo
149,485,2021-02-19,3,Cercana
668,650,2024-06-14,2,Compañero de trabajo
12,664,2023-11-04,6,Mejor amigo
70,1069,2023-06-16,4,Mejor amigo
1138,374,2020-03-30,2,Conocido
622,583,2023-03-18,9,Mejor amigo
791,1202,2023-06-03,10,Mejor amigo
296,1024,2023-07-31,4,Mejor amigo
920,1306,2021-01-02,8,Conocido
1318,847,2020-11-15,3,Cercana
266,751,2024-11-18,9,Compañero de trabajo
756,590,2021-09-28,4,Cercana
1077,448,2024-11-01,3,Cercana
274,390,2025-01-23,2,Compañero de trabajo
410,1243,2021-04-03,3,Cercana
1284,625,2020-11-22,10,Cercana
121,773,2020-04-20,1,Cercana
1065,502,2024-03-29,7,Conocido
1003,328,2022-10-26,4,Mejor amigo
707,50,2024-06-05,9,Compañero de trabajo
966,828,2023-10-26,9,Cercana
1363,934,2022-09-28,3,Compañero de trabajo
717,984,2022-01-07,8,Conocido
534,744,2023-03-23,9,Conocido
991,278,2024-12-07,7,Compañero de trabajo
1170,67,2022-03-04,6,Compañero de trabajo
1267,185,2020-05-05,9,Mejor amigo
784,1347,2025-02-17,9,Compañero de trabajo
1495,210,2024-05-06,7,Cercana
1126,373,2022-11-21,8,Cercana
1322,961,2022-01-19,3,Cercana
937,1408,2021-11-02,4,Compañero de trabajo
908,1469,2023-05-13,4,Compañero de trabajo
60,668,2021-11-02,3,Compañero de trabajo
318,1181,2021-02-10,10,Compañero de trabajo
844,351,2022-05-19,2,Mejor amigo
670,1347,2025-01-26,10,Cercana
1312,621,2021-04-19,4,Compañero de trabajo
485,342,2024-06-02,6,Conocido
1439,501,2023-08-16,10,Compañero de trabajo
656,1139,2025-01-28,5,Conocido
856,251,2020-12-15,8,Mejor amigo
1010,449,2024-07-17,3,Mejor amigo
594,507,2023-08-05,1,Conocido
535,520,2021-03-05,10,Mejor amigo
1252,1466,2024-03-11,2,Compañero de trabajo
916,1237,2022-11-15,10,Mejor amigo
6,383,2023-07-06,10,Compañero de trabajo
902,144,2024-10-16,3,Cercana
679,505,2023-10-30,10,Mejor amigo
1080,1020,2022-01-03,2,Compañero de trabajo
1005,1450,2022-04-13,6,Compañero de trabajo
1187,1144,2022-11-07,9,Compañero de trabajo
268,306,2022-06-28,1,Cercana
276,747,2023-05-27,7,Cercana
1123,386,2022-07-14,3,Cercana
92,544,2021-08-05,9,Mejor amigo
1243,1405,2021-08-15,8,Mejor amigo
716,1401,2020-05-25,4,Conocido
1367,1054,2023-09-10,6,Compañero de trabajo
485,1306,2024-12-25,9,Mejor amigo
125,83,2025-01-11,4,Cercana
570,619,2021-06-15,4,Mejor amigo
1322,168,2023-01-12,10,Conocido
225,943,2023-01-27,2,Conocido
334,431,2024-08-25,10,Cercana
47,306,2022-03-14,10,Compañero de trabajo
1495,1202,2020-08-13,6,Cercana
190,621,2020-03-30,4,Mejor amigo
568,1339,2021-11-02,9,Compañero de trabajo
117,1254,2023-02-16,4,Cercana
1181,852,2024-09-13,8,Cercana
431,1407,2020-08-27,10,Mejor amigo
191,1247,2024-11-05,2,Compañero de trabajo
815,100,2024-01-25,3,Compañero de trabajo
237,425,2023-04-15,3,Cercana
1407,1435,2023-08-09,8,Mejor amigo
956,1353,2022-03-30,3,Cercana
236,1241,2022-04-25,2,Cercana
231,784,2022-08-14,7,Cercana
266,371,2020-12-22,1,Cercana
1265,1478,2020-06-26,1,Mejor amigo
279,1481,2024-06-19,6,Mejor amigo
510,406,2024-07-22,10,Compañero de trabajo
76,602,2023-02-11,10,Compañero de trabajo
884,779,2022-02-17,6,Compañero de trabajo
1099,28,2022-08-15,3,Mejor amigo
1333,1363,2024-11-23,5,Cercana
307,578,2024-10-19,3,Cercana
185,583,2022-03-12,1,Mejor amigo
1281,1075,2020-11-17,3,Conocido
18,1181,2021-09-27,6,Compañero de trabajo
308,1222,2023-11-26,5,Mejor amigo
264,36,2021-07-18,10,Compañero de trabajo
1435,752,2024-01-02,6,Mejor amigo
136,1342,2023-12-01,1,Compañero de trabajo
1466,1366,2024-06-16,10,Conocido
263,1423,2021-12-08,10,Mejor amigo
35,200,2022-08-10,4,Mejor amigo
243,291,2020-07-21,5,Compañero de trabajo
869,736,2024-05-18,9,Conocido
1106,751,2025-02-10,7,Conocido
267,435,2021-10-01,1,Conocido
154,320,2021-04-28,1,Compañero de trabajo
987,111,2024-06-03,7,Cercana
742,1258,2020-10-28,3,Mejor amigo
473,1142,2024-11-21,8,Conocido
124,341,2020-11-28,10,Cercana
908,1473,2023-06-09,2,Mejor amigo
873,1210,2024-03-08,1,Mejor amigo
468,267,2020-11-19,3,Conocido
1088,1332,2024-04-30,2,Conocido
655,535,2023-12-31,3,Cercana
455,1437,2020-12-13,5,Cercana
512,121,2021-03-02,2,Cercana
1262,744,2020-03-18,7,Mejor amigo
1156,1311,2022-01-27,8,Conocido
867,632,2022-07-28,10,Cercana
760,907,2020-07-10,10,Conocido
762,584,2021-08-21,7,Compañero de trabajo
505,515,2020-08-09,8,Cercana
281,515,2024-05-01,8,Mejor amigo
6,227,2022-01-05,1,Cercana
243,1054,2023-11-13,2,Cercana
425,55,2020-09-18,7,Compañero de trabajo
206,921,2024-05-22,7,Conocido
185,1002,2022-10-18,3,Mejor amigo
1058,88,2022-11-14,9,Cercana
1059,200,2024-01-09,6,Mejor amigo
220,304,2022-05-19,10,Cercana
1475,222,2021-01-18,6,Cercana
950,173,2024-03-07,4,Cercana
837,928,2020-09-19,2,Compañero de trabajo
111,947,2024-06-03,4,Conocido
164,98,2022-06-20,5,Conocido
1087,565,2024-08-24,8,Conocido
409,821,2020-03-14,3,Cercana
1442,403,2020-04-21,1,Cercana
1158,892,2020-09-06,3,Conocido
1089,1082,2020-05-23,6,Mejor amigo
873,1441,2020-04-13,7,Conocido
1017,61,2020-12-02,4,Cercana
1150,12,2022-02-02,6,Compañero de trabajo
1375,411,2022-03-08,10,Mejor amigo
321,901,2020-08-27,5,Mejor amigo
807,895,2021-08-02,3,Cercana
724,1199,2021-02-24,2,Compañero de trabajo
284,1433,2022-07-03,8,Cercana
66,118,2024-10-23,5,Mejor amigo
850,872,2020-04-23,2,Conocido
677,1284,2022-04-29,10,Cercana
139,239,2020-03-21,1,Mejor amigo
1206,995,2020-10-30,8,Cercana
517,77,2020-12-12,1,Conocido
1200,484,2022-04-04,9,Cercana
1465,1153,2025-01-03,5,Cercana
646,511,2021-07-12,2,Conocido
353,87,2021-01-29,5,Cercana
1208,610,2023-03-05,10,Mejor amigo
809,1242,2024-11-26,9,Mejor amigo
1309,459,2020-10-25,2,Compañero de trabajo
949,1209,2025-02-01,8,Cercana
850,783,2021-06-06,10,Conocido
210,842,2024-02-13,7,Cercana
305,443,2024-05-03,8,Conocido
101,994,2021-05-28,8,Conocido
509,478,2022-06-03,3,Conocido
895,375,2022-08-10,4,Conocido
1194,1165,2022-04-12,2,Mejor amigo
31,138,2023-12-19,5,Compañero de trabajo
883,1353,2023-09-24,3,Cercana
439,957,2022-08-11,1,Mejor amigo
1108,352,2022-11-23,2,Cercana
842,113,2023-05-13,3,Cercana
1292,1353,2020-10-17,5,Cercana
1118,172,2024-07-22,4,Conocido
1402,1438,2022-10-16,10,Mejor amigo
301,230,2023-10-12,2,Mejor amigo
46,1497,2024-12-03,9,Conocido
1355,1041,2025-01-11,1,Cercana
1120,818,2020-12-28,5,Conocido
1096,284,2023-04-30,3,Cercana
925,730,2024-10-16,9,Compañero de trabajo
1170,902,2021-10-27,9,Conocido
897,24,2021-11-28,9,Compañero de trabajo
127,53,2023-07-13,5,Cercana
858,972,2022-12-11,6,Mejor amigo
1366,192,2023-12-03,3,Compañero de trabajo
779,1154,2022-10-14,2,Conocido
1220,826,2024-04-19,2,Cercana
324,1047,2020-07-13,8,Conocido
339,1229,2021-01-14,7,Compañero de trabajo
949,1488,2022-08-19,7,Mejor amigo
1362,1302,2024-07-15,1,Conocido
89,1206,2024-01-29,6,Compañero de trabajo
1462,242,2021-02-28,5,Cercana
1190,868,2021-09-23,2,Conocido
875,91,2020-04-12,8,Compañero de trabajo
363,999,2024-07-01,5,Compañero de trabajo
683,1481,2022-01-22,7,Conocido
220,943,2022-01-18,10,Mejor amigo
373,600,2024-08-05,1,Mejor amigo
1438,1311,2021-04-08,5,Mejor amigo
786,1120,2023-05-08,4,Conocido
1253,880,2023-02-09,1,Conocido
928,1048,2023-09-29,5,Compañero de trabajo
133,910,2021-03-08,1,Compañero de trabajo
1149,693,2024-12-21,2,Mejor amigo
292,328,2024-02-25,6,Compañero de trabajo
1291,833,2024-09-13,5,Compañero de trabajo
1,1030,2025-02-03,10,Compañero de trabajo
545,1095,2023-05-17,7,Compañero de trabajo
1258,85,2024-10-10,7,Compañero de trabajo
530,810,2020-10-01,8,Compañero de trabajo
1080,912,2021-04-22,10,Cercana
871,46,2023-05-12,10,Cercana
183,615,2023-08-01,2,Compañero de trabajo
232,1202,2023-08-27,4,Conocido
1355,1229,2025-02-01,3,Compañero de trabajo
1464,835,2021-02-27,2,Compañero de trabajo
437,974,2023-06-06,7,Cercana
700,383,2025-01-13,4,Cercana
522,658,2024-12-21,9,Cercana
821,681,2021-06-30,1,Compañero de trabajo
738,571,2024-01-17,5,Mejor amigo
297,537,2024-01-03,2,Cercana
879,652,2020-05-19,1,Compañero de trabajo
1428,593,2024-06-04,5,Cercana
1162,853,2023-10-06,7,Cercana
963,992,2023-05-11,2,Compañero de trabajo
1434,530,2023-03-05,10,Cercana
1120,1109,2024-01-12,1,Mejor amigo
946,1129,2022-09-04,3,Cercana
557,164,2024-09-26,8,Conocido
848,1059,2023-10-06,2,Compañero de trabajo
669,1275,2023-04-24,3,Mejor amigo
1284,772,2023-12-24,5,Mejor amigo
1263,1359,2023-12-01,9,Compañero de trabajo
1432,1192,2022-11-15,7,Mejor amigo
639,1038,2024-02-06,7,Conocido
1411,185,2024-04-28,6,Conocido
1205,535,2023-11-04,6,Cercana
227,255,2024-04-03,10,Compañero de trabajo
1480,1227,2021-12-21,3,Cercana
1408,979,2024-06-19,6,Compañero de trabajo
1428,782,2020-04-14,1,Conocido
233,145,2020-06-26,8,Cercana
866,1399,2024-02-01,1,Compañero de trabajo
1221,1102,2022-11-10,9,Mejor amigo
425,863,2020-06-10,6,Compañero de trabajo
842,1453,2023-08-27,3,Cercana
1055,1187,2024-08-12,5,Conocido
763,1228,2021-04-14,1,Mejor amigo
995,16,2021-10-14,1,Cercana
1217,1344,2022-04-07,10,Conocido
279,612,2024-03-11,9,Conocido
367,97,2022-02-25,5,Mejor amigo
769,1398,2022-01-21,5,Mejor amigo
884,1019,2024-12-19,7,Cercana
670,893,2022-03-08,5,Compañero de trabajo
30,637,2022-07-11,6,Mejor amigo
746,1004,2024-02-17,8,Conocido
1101,60,2022-07-22,10,Mejor amigo
632,654,2020-12-11,4,Compañero de trabajo
1038,1247,2021-08-24,1,Mejor amigo
268,497,2023-11-05,6,Conocido
829,781,2024-05-24,3,Compañero de trabajo
858,690,2024-12-08,5,Cercana
223,813,2024-05-28,6,Conocido
469,110,2023-08-05,1,Mejor amigo
329,383,2023-01-10,2,Compañero de trabajo
312,603,2023-12-21,3,Mejor amigo
877,980,2020-08-06,8,Conocido
822,276,2023-12-15,6,Cercana
800,57,2022-03-30,2,Cercana
363,576,2024-10-14,2,Cercana
763,1031,2023-04-14,5,Mejor amigo
123,13,2022-05-18,9,Cercana
222,972,2023-07-30,10,Mejor amigo
986,1457,2020-03-06,8,Compañero de trabajo
402,163,2023-03-18,3,Conocido
910,28,2021-06-22,5,Mejor amigo
277,1472,2020-11-04,7,Conocido
337,1308,2024-01-24,7,Cercana
302,1496,2021-12-09,2,Compañero de trabajo
110,418,2021-04-21,9,Conocido
469,981,2020-09-20,6,Compañero de trabajo
881,709,2022-04-08,10,Mejor amigo
1091,99,2022-01-02,8,Conocido
1302,346,2020-03-06,6,Conocido
1053,359,2022-12-24,5,Compañero de trabajo
253,1376,2024-07-10,9,Compañero de trabajo
1032,665,2023-11-20,5,Conocido
550,97,2024-12-02,1,Mejor amigo
522,626,2025-02-12,6,Conocido
1336,957,2021-07-30,6,Compañero de trabajo
404,158,2024-06-22,2,Compañero de trabajo
397,316,2024-08-15,8,Conocido
1101,1260,2020-04-12,8,Cercana
924,898,2021-07-20,7,Compañero de trabajo
498,1361,2021-06-25,5,Compañero de trabajo
1003,348,2023-02-06,1,Compañero de trabajo
1137,1104,2022-12-28,7,Compañero de trabajo
150,973,2024-05-28,6,Cercana
1342,1112,2023-07-17,1,Cercana
1243,793,2022-01-03,4,Cercana
523,674,2020-08-15,4,Cercana
792,1247,2024-07-04,4,Conocido
1473,1117,2024-08-06,9,Compañero de trabajo
547,1279,2024-09-21,4,Conocido
471,626,2021-12-25,1,Cercana
1434,1300,2024-05-22,2,Cercana
1465,812,2020-06-04,8,Mejor amigo
1035,587,2023-11-19,9,Cercana
871,708,2025-02-07,3,Conocido
521,1373,2020-09-25,6,Conocido
537,876,2020-03-28,1,Compañero de trabajo
1096,741,2023-09-14,2,Mejor amigo
1235,1269,2021-03-27,4,Mejor amigo
1443,1132,2021-10-03,2,Cercana
1315,1406,2020-11-10,6,Compañero de trabajo
1319,1221,2023-02-04,2,Compañero de trabajo
1100,935,2022-07-21,9,Conocido
1104,791,2022-01-24,10,Mejor amigo
1201,1081,2022-10-05,9,Compañero de trabajo
1415,1227,2022-08-26,1,Conocido
645,986,2020-10-27,10,Compañero de trabajo
982,215,2024-12-10,5,Mejor amigo
1395,282,2024-05-03,5,Mejor amigo
477,75,2022-10-17,2,Mejor amigo
1456,518,2024-01-06,3,Conocido
271,418,2020-03-06,9,Compañero de trabajo
1214,921,2024-10-18,3,Compañero de trabajo
488,1164,2022-07-31,2,Compañero de trabajo
231,1324,2024-10-03,9,Mejor amigo
62,803,2023-07-13,3,Compañero de trabajo
354,1059,2024-04-21,9,Cercana
1458,1184,2021-03-17,9,Compañero de trabajo
344,299,2021-02-07,2,Cercana
240,31,2023-11-23,3,Compañero de trabajo
360,5,2021-07-01,1,Cercana
1417,1070,2022-08-24,7,Mejor amigo
889,778,2024-08-24,2,Cercana
62,1041,2022-11-04,10,Mejor amigo
1465,792,2025-02-18,2,Cercana
1122,172,2023-05-12,5,Compañero de trabajo
764,786,2022-03-11,2,Conocido
127,1484,2022-05-01,4,Conocido
654,1331,2021-11-14,4,Cercana
1208,1046,2023-09-30,1,Mejor amigo
566,863,2023-05-01,9,Compañero de trabajo
400,645,2020-07-21,5,Mejor amigo
1206,648,2022-04-14,2,Cercana
8,407,2021-01-15,1,Mejor amigo
828,374,2023-09-15,1,Conocido
572,675,2021-05-09,10,Mejor amigo
897,153,2023-06-27,6,Cercana
1412,95,2024-01-10,7,Mejor amigo
1369,799,2021-09-02,7,Conocido
189,152,2022-06-01,1,Mejor amigo
760,613,2020-03-30,2,Cercana
1442,461,2024-06-14,5,Cercana
916,1110,2023-05-19,6,Cercana
817,1258,2021-07-19,10,Conocido
1267,962,2024-11-29,1,Cercana
753,1151,2024-05-05,4,Mejor amigo
860,1123,2020-08-20,4,Conocido
1135,289,2020-11-11,7,Mejor amigo
327,796,2022-04-02,10,Mejor amigo
32,1082,2021-05-14,4,Mejor amigo
1143,1138,2021-01-04,9,Cercana
968,1084,2023-04-27,8,Cercana
746,63,2023-07-16,6,Mejor amigo
370,744,2023-10-04,8,Cercana
1167,931,2023-12-21,7,Cercana
1420,1218,2020-09-05,4,Compañero de trabajo
46,179,2020-09-08,3,Mejor amigo
1437,735,2020-10-21,8,Compañero de trabajo
779,31,2024-07-01,5,Cercana
1134,12,2024-02-09,10,Conocido
286,150,2021-03-01,8,Conocido
688,1046,2024-02-08,6,Cercana
944,997,2021-02-05,8,Conocido
1447,185,2020-03-19,3,Mejor amigo
608,789,2022-06-06,10,Compañero de trabajo
153,198,2022-12-28,9,Compañero de trabajo
575,189,2025-01-07,10,Mejor amigo
283,893,2021-07-03,5,Compañero de trabajo
334,289,2020-07-15,10,Mejor amigo
685,1050,2024-03-15,10,Cercana
921,110,2020-10-26,5,Conocido
546,271,2024-07-16,2,Conocido
1395,602,2024-10-31,6,Mejor amigo
93,654,2020-05-05,7,Compañero de trabajo
6,1184,2021-06-05,3,Compañero de trabajo
752,1018,2021-08-14,1,Cercana
102,130,2020-10-27,7,Compañero de trabajo
1443,701,2022-03-19,7,Conocido
109,941,2021-01-16,3,Compañero de trabajo
279,571,2024-11-16,8,Compañero de trabajo
1031,334,2025-02-09,9,Conocido
1477,574,2023-07-15,1,Cercana
183,995,2020-06-05,9,Compañero de trabajo
330,1411,2022-10-26,5,Mejor amigo
493,185,2020-06-13,3,Mejor amigo
149,798,2021-10-10,9,Conocido
13,987,2022-10-23,2,Cercana
720,1152,2023-06-05,1,Cercana
238,1177,2021-01-29,6,Cercana
1251,365,2020-12-01,8,Cercana
1346,177,2024-03-07,6,Compañero de trabajo
876,166,2022-03-06,1,Conocido
466,903,2022-08-31,1,Compañero de trabajo
409,90,2020-12-01,1,Mejor amigo
146,882,2024-04-03,10,Conocido
1394,31,2022-05-03,1,Mejor amigo
526,1435,2020-11-25,2,Conocido
1151,1457,2022-07-11,6,Conocido
465,1323,2023-08-15,3,Mejor amigo
847,1215,2023-02-03,9,Compañero de trabajo
845,706,2023-04-02,3,Conocido
572,968,2022-09-15,2,Mejor amigo
181,1279,2022-12-10,9,Compañero de trabajo
972,415,2020-11-18,5,Cercana
437,1486,2021-09-17,2,Cercana
529,681,2022-04-04,1,Compañero de trabajo
721,1150,2021-11-28,10,Mejor amigo
455,1403,2023-01-18,3,Cercana
960,608,2023-04-02,4,Conocido
897,525,2025-02-22,9,Compañero de trabajo
691,311,2020-10-15,7,Cercana
831,560,2023-09-07,9,Mejor amigo
80,880,2022-09-20,8,Compañero de trabajo
1205,1123,2020-11-22,4,Conocido
614,1110,2023-02-14,9,Compañero de trabajo
1121,622,2023-08-24,3,Conocido
467,784,2023-08-10,5,Mejor amigo
283,1107,2021-10-18,1,Conocido
685,109,2020-05-09,8,Mejor amigo
567,1444,2021-10-28,1,Mejor amigo
738,920,2023-05-27,10,Conocido
722,164,2021-11-07,6,Mejor amigo
327,422,2022-02-17,10,Compañero de trabajo
1494,20,2024-07-06,10,Cercana
1108,683,2023-08-29,6,Cercana
88,1011,2022-10-09,5,Cercana
1365,1229,2024-06-25,2,Compañero de trabajo
205,171,2023-07-21,2,Mejor amigo
1040,795,2022-12-25,2,Cercana
292,673,2020-04-25,5,Mejor amigo
1397,797,2020-08-13,1,Compañero de trabajo
345,1299,2023-12-14,1,Mejor amigo
1469,1272,2022-08-29,6,Compañero de trabajo
646,549,2022-05-19,2,Compañero de trabajo
2,170,2021-12-05,3,Compañero de trabajo
897,643,2022-12-03,10,Conocido
122,22,2021-09-05,3,Mejor amigo
1433,104,2022-11-07,2,Conocido
228,691,2020-03-01,4,Compañero de trabajo
711,1341,2020-09-12,10,Conocido
902,1298,2024-12-21,10,Conocido
66,898,2020-11-24,5,Cercana
1009,205,2023-09-01,8,Compañero de trabajo
265,950,2023-04-07,10,Cercana
725,1451,2022-02-12,10,Conocido
1319,58,2023-07-15,4,Cercana
99,20,2022-05-12,7,Conocido
1388,1274,2024-01-28,4,Conocido
1478,25,2020-04-27,4,Cercana
7,569,2023-06-30,6,Compañero de trabajo
65,440,2023-11-08,7,Cercana
1038,1253,2023-10-14,5,Cercana
148,1112,2024-03-26,5,Cercana
454,1340,2024-04-13,6,Compañero de trabajo
1118,736,2024-06-20,6,Compañero de trabajo
766,1405,2020-12-29,10,Conocido
301,94,2021-12-03,6,Mejor amigo
145,69,2022-05-28,1,Mejor amigo
998,1167,2020-09-13,10,Cercana
1320,40,2022-10-12,7,Mejor amigo
1122,121,2023-01-24,2,Mejor amigo
1469,900,2021-06-05,8,Conocido
91,1425,2022-06-26,4,Mejor amigo
1026,547,2022-06-30,3,Compañero de trabajo
1357,397,2024-10-23,10,Conocido
629,1190,2023-11-02,6,Compañero de trabajo
43,6,2022-06-28,7,Mejor amigo
939,773,2025-02-13,3,Conocido
672,17,2020-09-14,4,Compañero de trabajo
1297,713,2022-11-04,1,Cercana
1011,436,2021-12-28,7,Conocido
523,267,2023-02-05,7,Compañero de trabajo
586,217,2020-05-12,8,Conocido
377,1193,2025-01-03,1,Compañero de trabajo
1355,1173,2020-04-19,3,Compañero de trabajo
454,631,2022-05-30,6,Cercana
143,32,2021-10-27,1,Cercana
1318,864,2023-02-21,1,Conocido
501,12,2020-10-18,9,Mejor amigo
1046,519,2024-07-31,4,Cercana
311,239,2022-07-06,2,Mejor amigo
805,910,2020-06-27,4,Compañero de trabajo
1263,14,2023-05-17,5,Conocido
935,685,2021-12-05,10,Mejor amigo
663,1159,2021-06-16,3,Cercana
351,1216,2022-05-06,10,Mejor amigo
639,344,2023-08-04,7,Cercana
473,493,2023-04-01,7,Compañero de trabajo
18,1422,2020-12-27,3,Mejor amigo
758,725,2021-11-22,9,Compañero de trabajo
160,524,2021-05-20,8,Mejor amigo
51,1424,2024-01-12,10,Compañero de trabajo
3,912,2020-11-18,2,Cercana
706,332,2020-07-27,4,Cercana
371,388,2020-06-12,7,Compañero de trabajo
203,1326,2022-09-12,10,Compañero de trabajo
139,723,2025-02-09,9,Cercana
1070,1174,2021-01-13,8,Cercana
1406,750,2021-08-16,10,Cercana
889,218,2023-10-21,2,Mejor amigo
434,1097,2022-07-15,6,Conocido
1127,1128,2022-02-26,2,Conocido
1166,950,2024-07-18,8,Compañero de trabajo
1442,1415,2022-05-30,2,Mejor amigo
1139,1059,2024-03-02,1,Cercana
696,485,2020-05-16,8,Compañero de trabajo
138,1122,2024-12-03,7,Compañero de trabajo
1042,1192,2020-12-26,8,Compañero de trabajo
1043,566,2025-01-19,6,Conocido
110,1347,2021-07-01,2,Compañero de trabajo
345,1480,2020-04-19,8,Compañero de trabajo
3,111,2023-03-27,3,Compañero de trabajo
1260,604,2020-07-26,9,Compañero de trabajo
1281,469,2020-12-17,3,Compañero de trabajo
122,517,2023-05-31,2,Conocido
571,998,2021-12-13,5,Compañero de trabajo
1498,270,2022-03-09,9,Cercana
136,864,2024-12-21,6,Compañero de trabajo
1436,21,2021-06-10,3,Cercana
262,74,2022-03-24,4,Cercana
568,1464,2023-06-24,3,Compañero de trabajo
269,268,2021-03-26,8,Mejor amigo
736,261,2022-11-09,2,Compañero de trabajo
764,1471,2025-02-08,4,Cercana
268,1031,2022-01-09,2,Mejor amigo
688,97,2021-04-17,7,Conocido
811,404,2024-11-07,1,Cercana
706,1465,2023-10-19,10,Compañero de trabajo
902,936,2023-03-24,8,Conocido
815,1198,2024-04-26,2,Compañero de trabajo
271,146,2021-03-03,1,Compañero de trabajo
1226,184,2021-02-05,7,Cercana
962,612,2021-08-03,7,Cercana
326,1193,2022-08-24,9,Compañero de trabajo
245,60,2025-01-13,5,Compañero de trabajo
1109,566,2021-01-26,2,Mejor amigo
803,333,2021-05-05,3,Cercana
416,243,2024-07-01,7,Mejor amigo
29,1027,2021-12-15,1,Conocido
832,1142,2020-03-05,6,Mejor amigo
806,944,2020-05-18,1,Mejor amigo
479,1435,2023-10-16,7,Compañero de trabajo
173,1169,2021-08-17,9,Mejor amigo
742,741,2022-03-09,1,Conocido
1191,588,2024-09-04,5,Conocido
1344,75,2021-02-10,8,Mejor amigo
802,403,2024-07-05,5,Compañero de trabajo
1469,461,2021-12-15,10,Mejor amigo
705,18,2021-08-07,5,Mejor amigo
343,930,2022-06-08,4,Compañero de trabajo
346,790,2023-04-02,3,Mejor amigo
241,182,2021-02-20,5,Compañero de trabajo
524,444,2023-09-05,7,Compañero de trabajo
704,1341,2024-05-09,9,Conocido
546,1380,2025-01-02,3,Cercana
1391,1055,2020-11-29,9,Cercana
1094,1010,2024-05-08,10,Cercana
1276,835,2023-12-25,3,Compañero de trabajo
1484,638,2023-07-22,2,Mejor amigo
540,452,2021-03-12,4,Conocido
491,275,2025-01-10,5,Mejor amigo
383,749,2023-11-13,1,Conocido
1089,484,2020-03-21,4,Compañero de trabajo
534,415,2024-05-01,1,Compañero de trabajo
159,162,2020-11-17,6,Mejor amigo
831,58,2020-12-16,6,Conocido
758,957,2024-03-03,7,Conocido
1023,678,2021-05-07,8,Mejor amigo
1202,1459,2021-06-03,5,Conocido
409,739,2022-03-03,4,Mejor amigo
760,1156,2022-02-04,8,Conocido
805,792,2022-12-05,10,Mejor amigo
131,883,2024-12-16,4,Conocido
260,162,2021-03-13,3,Conocido
585,758,2022-04-09,1,Cercana
1173,681,2021-12-08,10,Conocido
1041,180,2023-03-24,6,Compañero de trabajo
818,1221,2021-11-27,3,Conocido
761,1180,2020-11-07,7,Mejor amigo
619,915,2023-04-30,3,Cercana
491,28,2022-04-04,8,Conocido
280,491,2023-02-24,6,Cercana
545,372,2023-10-29,7,Cercana
586,108,2021-07-30,5,Compañero de trabajo
508,323,2024-10-10,7,Cercana
617,649,2024-01-26,5,Compañero de trabajo
1472,115,2021-04-27,8,Mejor amigo
451,1348,2022-10-19,8,Compañero de trabajo
214,1395,2023-03-01,1,Cercana
1094,1323,2020-05-04,2,Mejor amigo
1088,730,2022-06-22,3,Compañero de trabajo
247,163,2020-05-23,6,Mejor amigo
190,1141,2025-01-14,5,Conocido
321,429,2022-04-24,6,Conocido
361,887,2021-01-12,9,Mejor amigo
532,547,2022-06-02,8,Cercana
231,1019,2023-12-13,4,Compañero de trabajo
1328,1386,2024-05-17,1,Mejor amigo
700,303,2020-12-01,4,Mejor amigo
948,928,2023-10-21,3,Mejor amigo
820,1397,2024-11-01,6,Mejor amigo
386,400,2021-07-25,8,Cercana
229,571,2024-09-04,1,Cercana
1289,1435,2024-09-24,6,Compañero de trabajo
900,1100,2021-08-17,2,Cercana
753,667,2020-10-23,9,Cercana
75,52,2024-09-17,3,Mejor amigo
1398,365,2021-03-31,3,Cercana
634,382,2022-08-15,6,Mejor amigo
1357,400,2022-07-31,2,Mejor amigo
55,1238,2023-06-09,5,Compañero de trabajo
1175,1418,2024-10-22,2,Compañero de trabajo
816,1084,2021-07-10,2,Mejor amigo
337,72,2020-12-22,4,Cercana
406,775,2023-07-23,10,Conocido
719,1453,2021-10-22,3,Mejor amigo
361,1477,2023-05-07,1,Compañero de trabajo
1179,1488,2021-04-05,8,Compañero de trabajo
705,262,2024-04-21,6,Conocido
1351,1399,2020-03-09,4,Compañero de trabajo
304,347,2021-12-15,3,Mejor amigo
465,1433,2024-08-08,10,Compañero de trabajo
1070,1236,2023-10-28,10,Compañero de trabajo
3,589,2022-07-29,6,Mejor amigo
1416,1421,2023-11-21,4,Conocido
462,265,2022-02-11,4,Mejor amigo
875,179,2021-05-10,9,Conocido
72,962,2021-07-14,7,Cercana
101,1129,2022-01-02,8,Cercana
1048,384,2021-05-03,7,Mejor amigo
248,1036,2021-04-30,3,Compañero de trabajo
781,80,2022-04-19,2,Cercana
1007,256,2021-07-03,3,Mejor amigo
205,726,2023-11-01,9,Compañero de trabajo
1144,1389,2021-11-08,9,Compañero de trabajo
1447,184,2024-01-03,8,Mejor amigo
1449,537,2024-11-19,9,Conocido
825,980,2021-12-24,4,Conocido
907,538,2023-06-30,3,Compañero de trabajo
430,444,2024-07-06,3,Compañero de trabajo
331,1459,2020-10-27,9,Cercana
1300,218,2021-07-02,10,Conocido
520,316,2023-01-18,6,Compañero de trabajo
1470,1362,2022-04-16,3,Compañero de trabajo
725,830,2021-01-14,1,Mejor amigo
375,1266,2022-08-26,6,Compañero de trabajo
762,1344,2023-01-24,1,Mejor amigo
497,1302,2021-04-24,8,Compañero de trabajo
137,1327,2024-08-03,2,Cercana
557,813,2024-04-12,8,Conocido
215,484,2024-10-04,1,Mejor amigo
1371,646,2022-07-15,4,Conocido
250,1338,2024-03-17,9,Conocido
305,28,2023-02-08,2,Compañero de trabajo
790,358,2020-03-20,7,Cercana
1042,588,2022-07-07,7,Compañero de trabajo
1170,1475,2022-05-08,8,Conocido
791,130,2024-02-11,6,Conocido
976,93,2022-07-24,6,Conocido
515,1165,2020-12-02,2,Compañero de trabajo
1283,1352,2023-12-02,2,Conocido
178,877,2023-10-06,5,Cercana
159,1160,2022-10-22,6,Conocido
878,557,2021-12-24,1,Cercana
1181,1477,2022-06-23,7,Compañero de trabajo
1211,658,2022-06-10,8,Mejor amigo
733,379,2020-10-25,1,Mejor amigo
2,281,2020-03-07,1,Conocido
346,891,2023-01-30,3,Cercana
146,1276,2024-01-19,8,Cercana
279,1493,2025-02-20,2,Compañero de trabajo
630,151,2022-09-13,4,Compañero de trabajo
1468,881,2020-06-09,10,Mejor amigo
948,1090,2023-06-11,10,Mejor amigo
832,75,2022-11-21,10,Mejor amigo
442,152,2021-09-15,3,Mejor amigo
1005,991,2023-02-16,4,Cercana
1233,380,2021-12-30,3,Mejor amigo
1336,798,2021-08-27,1,Mejor amigo
695,1425,2025-01-28,10,Mejor amigo
1329,1116,2022-04-02,7,Conocido
486,1306,2021-03-30,4,Conocido
416,237,2022-06-07,10,Cercana
1291,783,2022-09-11,6,Conocido
386,64,2022-06-09,9,Conocido
373,478,2024-09-22,2,Compañero de trabajo
94,325,2022-02-15,2,Cercana
721,49,2022-07-07,6,Mejor amigo
775,558,2023-05-03,5,Mejor amigo
582,983,2021-02-28,1,Cercana
3,288,2025-01-21,7,Mejor amigo
811,628,2025-02-23,5,Mejor amigo
1017,822,2023-04-17,5,Mejor amigo
1215,922,2022-11-13,5,Cercana
860,413,2020-03-13,7,Conocido
874,1415,2024-10-31,1,Conocido
678,68,2023-12-23,1,Mejor amigo
501,723,2024-04-05,6,Compañero de trabajo
964,408,2022-11-10,1,Mejor amigo
558,1158,2022-05-25,7,Compañero de trabajo
952,904,2024-05-10,2,Cercana
1301,1159,2021-04-24,6,Compañero de trabajo
1166,1426,2024-10-11,7,Compañero de trabajo
658,422,2021-03-07,1,Conocido
1216,955,2022-11-23,1,Compañero de trabajo
754,717,2023-12-26,2,Compañero de trabajo
1084,330,2020-05-21,8,Mejor amigo
1382,423,2023-10-17,7,Conocido
481,161,2023-10-03,6,Conocido
1075,1272,2021-08-31,9,Conocido
1253,806,2023-02-05,6,Conocido
848,1347,2020-02-27,7,Compañero de trabajo
612,677,2021-01-12,5,Conocido
454,630,2023-10-20,5,Cercana
626,1254,2021-08-17,2,Mejor amigo
1167,1236,2021-09-29,10,Compañero de trabajo
1245,497,2020-05-17,5,Conocido
1185,924,2022-09-17,5,Compañero de trabajo
1178,553,2021-10-24,7,Conocido
36,1077,2023-12-20,9,Compañero de trabajo
300,460,2023-12-05,1,Conocido
1026,861,2021-03-20,3,Mejor amigo
1482,448,2022-05-10,10,Conocido
205,511,2022-07-31,3,Cercana
17,1170,2024-10-24,8,Compañero de trabajo
126,1416,2024-03-14,3,Cercana
981,89,2021-07-22,8,Conocido
618,1063,2022-07-20,6,Compañero de trabajo
588,1291,2024-07-23,7,Conocido
690,968,2022-04-13,10,Compañero de trabajo
258,77,2025-02-14,4,Cercana
88,619,2021-04-02,5,Mejor amigo
624,782,2023-10-22,2,Compañero de trabajo
1482,1252,2021-02-23,4,Cercana
57,290,2023-02-12,6,Cercana
280,236,2021-08-13,4,Mejor amigo
683,806,2024-07-26,6,Mejor amigo
390,678,2022-03-05,10,Conocido
1287,1388,2020-03-15,8,Cercana
1138,882,2022-11-24,2,Compañero de trabajo
141,535,2023-10-08,6,Conocido
388,532,2024-10-29,6,Mejor amigo
795,454,2021-04-15,2,Cercana
457,1111,2020-08-03,9,Conocido
99,420,2024-11-29,5,Compañero de trabajo
391,835,2020-07-21,3,Compañero de trabajo
69,510,2024-06-24,4,Conocido
937,600,2021-08-24,3,Conocido
833,426,2020-05-02,2,Cercana
617,476,2024-03-08,8,Mejor amigo
1034,1420,2024-06-04,7,Cercana
67,1131,2020-03-10,6,Compañero de trabajo
1166,575,2024-06-02,7,Cercana
314,1340,2024-07-12,2,Mejor amigo
898,586,2021-09-14,2,Mejor amigo
540,386,2021-08-10,1,Conocido
426,653,2020-06-16,1,Compañero de trabajo
468,1099,2025-02-01,6,Cercana
335,332,2021-04-02,9,Conocido
865,801,2023-03-09,6,Compañero de trabajo
919,690,2021-08-28,3,Compañero de trabajo
412,274,2021-02-17,9,Compañero de trabajo
1278,479,2020-03-09,1,Compañero de trabajo
34,276,2022-06-25,6,Mejor amigo
1175,221,2021-05-19,4,Compañero de trabajo
21,471,2021-10-25,1,Compañero de trabajo
405,520,2023-02-03,7,Mejor amigo
904,139,2022-05-11,2,Mejor amigo
935,748,2024-04-30,1,Mejor amigo
875,291,2024-12-16,8,Conocido
646,511,2020-11-06,1,Compañero de trabajo
570,1315,2021-12-14,6,Compañero de trabajo
115,161,2020-07-29,3,Compañero de trabajo
1192,1139,2021-06-27,5,Mejor amigo
350,482,2024-04-27,1,Compañero de trabajo
555,1468,2025-02-04,3,Cercana
261,1107,2021-04-07,5,Mejor amigo
140,1191,2025-02-24,1,Cercana
931,1470,2025-02-01,3,Compañero de trabajo
1356,272,2020-03-31,5,Cercana
765,120,2021-07-30,8,Mejor amigo
531,1353,2022-11-01,9,Mejor amigo
1495,209,2020-11-22,8,Mejor amigo
658,534,2020-05-06,7,Cercana
1275,1231,2020-04-14,3,Conocido
103,792,2021-07-31,6,Compañero de trabajo
1100,903,2021-08-05,3,Mejor amigo
1289,304,2024-03-24,6,Cercana
369,319,2024-12-05,6,Cercana
1198,1410,2021-04-24,6,Mejor amigo
808,1094,2023-03-23,5,Conocido
1039,1485,2024-02-05,3,Compañero de trabajo
995,511,2025-01-07,4,Mejor amigo
1175,157,2025-01-02,3,Cercana
267,174,2024-07-06,2,Cercana
245,1088,2024-08-15,8,Cercana
483,1428,2022-04-05,6,Mejor amigo
1258,103,2022-12-26,2,Mejor amigo
102,993,2022-04-14,5,Cercana
1289,462,2021-12-14,10,Compañero de trabajo
722,213,2021-08-03,10,Conocido
1423,727,2023-10-27,3,Conocido
225,1012,2020-06-10,2,Compañero de trabajo
360,292,2022-02-15,8,Mejor amigo
522,512,2021-09-01,4,Mejor amigo
373,335,2021-08-09,1,Conocido
593,307,2022-09-13,3,Cercana
770,361,2020-07-27,7,Conocido
1404,534,2024-11-02,10,Mejor amigo
394,400,2020-03-10,1,Compañero de trabajo
415,594,2024-02-18,5,Conocido
907,38,2024-03-07,5,Mejor amigo
1042,1228,2020-06-04,10,Conocido
25,555,2020-04-04,8,Cercana
341,22,2022-02-18,6,Mejor amigo
1040,1402,2024-03-30,6,Cercana
1254,642,2024-09-11,4,Mejor amigo
1018,528,2021-01-14,10,Compañero de trabajo
814,875,2024-04-29,4,Compañero de trabajo
1225,649,2021-01-19,7,Compañero de trabajo
549,379,2023-02-08,8,Mejor amigo
972,654,2020-07-27,3,Compañero de trabajo
735,1162,2023-05-20,3,Cercana
857,165,2024-10-06,7,Conocido
1112,172,2022-12-10,3,Compañero de trabajo
57,1340,2021-06-01,6,Compañero de trabajo
310,1214,2022-08-26,5,Cercana
147,661,2023-05-25,7,Compañero de trabajo
87,311,2020-04-07,10,Conocido
647,1362,2024-06-16,10,Mejor amigo
477,893,2024-06-28,4,Mejor amigo
1369,1475,2024-12-07,3,Mejor amigo
353,1275,2025-02-18,5,Compañero de trabajo
88,884,2023-04-17,7,Cercana
687,1359,2025-01-19,5,Cercana
1324,1370,2021-07-12,9,Conocido
199,399,2020-07-30,4,Cercana
457,1341,2024-10-03,9,Cercana
90,559,2022-12-06,10,Compañero de trabajo
1443,322,2021-02-23,2,Cercana
363,311,2023-03-14,2,Compañero de trabajo
157,763,2020-11-13,5,Cercana
1457,763,2021-09-28,9,Compañero de trabajo
892,1113,2021-05-06,7,Mejor amigo
823,611,2024-06-29,1,Cercana
1194,225,2023-09-12,9,Conocido
537,1140,2023-05-31,9,Cercana
798,634,2020-07-16,5,Compañero de trabajo
1380,2,2020-05-02,1,Mejor amigo
364,1168,2025-01-08,9,Mejor amigo
906,1308,2025-02-11,9,Mejor amigo
501,643,2024-01-14,9,Conocido
795,1307,2022-08-14,7,Conocido
818,637,2025-01-25,2,Mejor amigo
1484,265,2022-07-16,4,Conocido
1349,370,2021-01-31,2,Compañero de trabajo
1465,894,2021-01-10,3,Compañero de trabajo
154,396,2023-11-30,3,Cercana
626,1414,2021-02-01,2,Cercana
583,335,2023-04-30,10,Conocido
1090,445,2025-02-09,2,Conocido
995,1047,2020-09-07,10,Cercana
185,965,2022-02-24,10,Mejor amigo
315,833,2023-08-09,10,Conocido
1179,1415,2022-09-01,9,Cercana
1335,330,2024-05-30,9,Compañero de trabajo
228,1126,2024-04-22,1,Cercana
450,885,2022-04-06,7,Mejor amigo
43,1410,2024-02-29,3,Cercana
128,12,2021-03-22,6,Compañero de trabajo
331,1105,2023-01-29,6,Compañero de trabajo
1115,812,2020-05-02,4,Cercana
8,659,2021-01-19,1,Conocido
368,554,2021-05-24,4,Compañero de trabajo
1127,1454,2022-11-04,1,Conocido
1133,1412,2025-01-18,3,Mejor amigo
1262,351,2023-10-11,10,Cercana
123,924,2024-06-16,7,Mejor amigo
336,937,2022-07-12,7,Compañero de trabajo
466,364,2024-08-02,9,Compañero de trabajo
1028,1249,2021-11-20,7,Compañero de trabajo
440,991,2022-06-10,7,Cercana
1036,689,2022-02-07,2,Mejor amigo
363,815,2021-04-21,8,Cercana
508,889,2024-12-14,9,Conocido
223,2,2023-11-28,2,Compañero de trabajo
318,1360,2024-10-02,9,Compañero de trabajo
412,463,2023-10-12,10,Compañero de trabajo
204,1379,2024-04-28,9,Compañero de trabajo
716,383,2020-10-14,8,Cercana
1083,977,2023-01-02,6,Cercana
832,988,2022-10-23,8,Mejor amigo
195,1333,2021-09-20,1,Mejor amigo
1289,1482,2024-12-22,6,Compañero de trabajo
13,1301,2023-01-16,9,Cercana
1340,546,2022-11-28,4,Cercana
1273,261,2024-04-11,8,Mejor amigo
840,240,2020-11-05,8,Cercana
722,1216,2025-02-05,7,Compañero de trabajo
1109,1419,2022-09-21,5,Conocido
1354,1019,2023-11-21,3,Cercana
1467,1499,2024-05-18,3,Mejor amigo
772,755,2020-08-04,7,Mejor amigo
350,1253,2020-07-13,6,Cercana
284,663,2024-02-18,8,Compañero de trabajo
631,1264,2020-11-26,9,Compañero de trabajo
704,668,2020-11-11,4,Conocido
1375,892,2020-07-21,1,Mejor amigo
611,280,2022-02-16,10,Cercana
912,550,2023-04-09,8,Compañero de trabajo
1265,844,2021-10-04,7,Conocido
129,897,2022-01-06,10,Mejor amigo
993,45,2023-07-27,9,Cercana
1134,1220,2022-01-18,8,Conocido
1405,1393,2023-02-15,8,Conocido
1146,721,2021-06-01,10,Conocido
831,565,2021-02-15,2,Compañero de trabajo
1246,1033,2024-02-25,5,Cercana
842,947,2021-09-05,4,Conocido
939,1063,2021-11-14,6,Compañero de trabajo
817,1191,2022-05-31,9,Cercana
780,600,2020-03-31,10,Cercana
544,594,2023-01-12,6,Cercana
1239,342,2020-11-21,9,Mejor amigo
21,670,2023-04-29,3,Cercana
65,336,2022-11-17,7,Compañero de trabajo
940,81,2024-09-08,7,Mejor amigo
594,1133,2024-10-09,10,Cercana
38,1115,2023-11-05,3,Conocido
1095,518,2023-09-24,6,Cercana
454,2,2022-04-05,9,Compañero de trabajo
1364,85,2021-02-02,6,Mejor amigo
625,1366,2022-06-20,9,Compañero de trabajo
1268,1219,2022-01-13,8,Conocido
218,1134,2024-10-05,6,Mejor amigo
485,30,2024-02-13,3,Mejor amigo
759,27,2020-08-19,1,Cercana
436,95,2023-05-07,6,Mejor amigo
1391,826,2021-02-01,2,Conocido
1322,417,2020-09-12,1,Conocido
794,600,2023-01-26,2,Conocido
1158,393,2022-09-27,8,Conocido
885,920,2021-05-23,10,Cercana
1030,983,2021-02-20,1,Cercana
1088,967,2021-02-09,3,Mejor amigo
1317,72,2024-08-04,1,Cercana
1293,418,2024-05-29,7,Conocido
1409,252,2023-01-11,1,Compañero de trabajo
556,606,2022-05-03,5,Conocido
270,1232,2021-02-16,10,Cercana
806,992,2021-05-30,5,Conocido
865,1145,2023-06-10,7,Conocido
338,617,2022-12-02,1,Mejor amigo
291,259,2025-02-03,2,Conocido
705,1252,2023-01-04,10,Mejor amigo
979,281,2021-02-25,6,Mejor amigo
366,378,2024-03-14,3,Cercana
1248,17,2021-11-24,6,Compañero de trabajo
442,1301,2022-02-18,5,Mejor amigo
61,530,2023-07-03,8,Conocido
984,797,2023-06-21,5,Conocido
1403,667,2023-10-02,6,Compañero de trabajo
1231,896,2022-10-02,6,Compañero de trabajo
198,475,2024-10-26,9,Compañero de trabajo
641,13,2021-03-04,8,Cercana
281,589,2022-07-10,6,Conocido
447,209,2022-01-18,3,Cercana
7,511,2020-11-26,7,Compañero de trabajo
1349,379,2022-01-03,2,Cercana
1469,968,2023-12-26,4,Compañero de trabajo
1298,949,2022-05-25,8,Compañero de trabajo
872,555,2020-05-08,9,Compañero de trabajo
1265,710,2020-02-27,9,Conocido
1459,1383,2020-12-10,6,Conocido
351,371,2024-12-22,10,Conocido
349,1396,2024-10-20,6,Compañero de trabajo
1460,641,2020-08-24,2,Mejor amigo
237,1029,2021-02-23,6,Mejor amigo
755,1260,2021-01-25,2,Mejor amigo
137,113,2020-03-11,6,Cercana
1084,1305,2023-08-22,1,Conocido
632,1228,2022-04-06,2,Conocido
918,931,2024-11-16,5,Conocido
966,472,2021-07-21,6,Compañero de trabajo
731,290,2021-09-10,5,Mejor amigo
1084,1499,2022-06-25,5,Cercana
945,244,2022-06-18,6,Conocido
1439,1170,2022-02-25,8,Compañero de trabajo
533,593,2021-07-03,10,Compañero de trabajo
76,683,2023-06-04,4,Mejor amigo
1046,1095,2023-02-09,1,Compañero de trabajo
400,256,2022-05-30,9,Compañero de trabajo
863,171,2024-12-27,2,Compañero de trabajo
491,1320,2022-10-29,9,Compañero de trabajo
875,77,2020-11-01,9,Mejor amigo
1037,1096,2024-07-10,3,Cercana
723,357,2024-05-31,8,Mejor amigo
403,20,2021-03-06,5,Mejor amigo
377,648,2025-01-29,2,Conocido
372,251,2024-04-18,8,Conocido
837,670,2024-05-30,4,Conocido
1493,464,2022-12-18,8,Cercana
208,1049,2022-12-04,10,Cercana
730,871,2020-09-15,8,Compañero de trabajo
600,572,2023-12-25,7,Mejor amigo
180,982,2021-02-10,8,Mejor amigo
333,1214,2023-02-06,7,Cercana
636,460,2022-07-30,4,Mejor amigo
280,1204,2022-03-07,10,Conocido
771,1289,2023-07-24,7,Conocido
700,108,2025-01-29,10,Cercana
1413,76,2024-11-24,2,Cercana
1091,1220,2020-07-01,9,Conocido
983,467,2021-12-20,10,Cercana
1089,480,2022-06-12,6,Compañero de trabajo
195,1443,2023-04-11,2,Mejor amigo
1359,1070,2022-05-03,5,Conocido
349,1333,2024-09-10,5,Mejor amigo
568,1054,2021-11-23,9,Conocido
1269,1373,2020-05-24,10,Mejor amigo
1194,760,2022-07-26,8,Compañero de trabajo
1150,760,2022-06-22,8,Conocido
1301,1455,2020-07-28,10,Conocido
1065,259,2024-08-12,9,Cercana
1214,106,2020-07-20,3,Compañero de trabajo
147,904,2020-09-28,10,Mejor amigo
1498,1104,2020-06-08,10,Cercana
282,613,2020-03-14,9,Compañero de trabajo
1310,1247,2023-09-11,8,Cercana
947,30,2025-02-21,6,Conocido
538,674,2022-12-04,2,Conocido
423,872,2023-07-25,8,Compañero de trabajo
1072,802,2024-10-02,9,Cercana
170,374,2020-12-12,4,Cercana
430,1082,2024-09-16,9,Conocido
890,1099,2021-12-27,2,Cercana
1184,504,2021-10-02,10,Mejor amigo
1104,164,2021-10-10,5,Conocido
1181,24,2020-11-18,1,Compañero de trabajo
216,912,2023-07-15,8,Cercana
759,647,2024-02-27,3,Mejor amigo
867,1199,2021-08-02,4,Compañero de trabajo
766,184,2023-06-19,6,Cercana
1479,952,2023-06-05,1,Conocido
400,260,2022-08-08,7,Cercana
249,250,2020-04-19,10,Compañero de trabajo
1198,164,2022-03-05,1,Compañero de trabajo
1091,258,2020-07-24,10,Mejor amigo
630,276,2023-12-15,6,Conocido
249,499,2023-02-08,7,Cercana
1176,121,2020-03-06,9,Conocido
1096,207,2023-01-07,9,Cercana
88,581,2024-12-13,6,Cercana
278,614,2025-01-15,4,Mejor amigo
424,821,2024-12-22,2,Conocido
1428,1088,2020-05-20,8,Compañero de trabajo
777,824,2023-10-25,3,Mejor amigo
162,445,2022-07-08,6,Mejor amigo
1164,503,2020-04-29,4,Conocido
496,1268,2024-07-16,1,Cercana
1284,684,2021-02-18,9,Conocido
882,186,2020-08-30,6,Conocido
923,1364,2023-05-07,4,Cercana
1333,685,2023-12-17,7,Mejor amigo
491,1198,2021-02-02,8,Compañero de trabajo
732,711,2020-08-22,2,Cercana
778,595,2025-01-17,4,Mejor amigo
1391,1257,2021-01-15,1,Compañero de trabajo
1041,492,2023-11-29,8,Mejor amigo
373,936,2023-05-08,1,Compañero de trabajo
1116,1218,2023-04-19,7,Mejor amigo
840,10,2020-12-26,6,Compañero de trabajo
605,363,2020-04-20,9,Cercana
774,523,2022-12-04,5,Cercana
1444,1399,2021-07-13,7,Cercana
72,215,2020-05-15,10,Mejor amigo
663,1300,2024-09-30,4,Conocido
1097,1301,2023-05-29,5,Mejor amigo
544,88,2022-12-11,6,Cercana
77,387,2021-12-25,9,Cercana
278,1005,2024-05-24,4,Cercana
541,293,2022-08-12,8,Mejor amigo
428,865,2025-01-29,3,Cercana
540,1298,2022-06-18,5,Conocido
929,238,2023-03-01,9,Compañero de trabajo
1213,650,2023-03-12,4,Cercana
1179,844,2024-09-07,10,Cercana
857,1015,2021-10-26,7,Conocido
1424,1351,2021-10-02,10,Cercana
1167,356,2020-11-16,3,Conocido
1257,1043,2024-08-14,8,Conocido
656,719,2023-04-02,2,Compañero de trabajo
674,1102,2023-11-07,8,Compañero de trabajo
1006,253,2023-06-06,8,Conocido
403,44,2022-12-24,7,Cercana
217,786,2022-05-01,5,Cercana
416,625,2024-12-15,4,Cercana
1039,1011,2022-03-30,4,Mejor amigo
908,1336,2022-04-30,6,Compañero de trabajo
1500,480,2024-02-01,4,Mejor amigo
582,973,2024-06-28,8,Cercana
515,194,2021-01-20,4,Cercana
1240,26,2021-05-30,10,Cercana
715,396,2023-08-23,9,Mejor amigo
48,382,2024-07-20,9,Compañero de trabajo
811,273,2024-10-25,6,Conocido
342,81,2024-07-10,5,Cercana
1342,349,2021-03-17,4,Cercana
1252,72,2020-03-19,6,Mejor amigo
946,275,2024-02-22,1,Conocido
573,136,2024-11-24,1,Cercana
1449,1414,2023-05-08,8,Conocido
205,1158,2022-03-07,4,Compañero de trabajo
555,761,2021-08-25,4,Cercana
122,1273,2020-08-27,8,Conocido
203,1300,2020-11-03,3,Compañero de trabajo
568,1115,2024-02-07,8,Cercana
1203,1496,2020-06-28,9,Mejor amigo
310,799,2022-01-03,5,Mejor amigo
420,376,2020-05-07,3,Conocido
161,1016,2024-04-29,5,Compañero de trabajo
380,594,2024-08-14,1,Conocido
1422,1323,2021-03-06,4,Compañero de trabajo
859,205,2024-02-07,2,Cercana
73,395,2023-10-04,5,Mejor amigo
1077,884,2021-03-31,2,Mejor amigo
441,103,2022-04-11,8,Cercana
306,1119,2021-08-15,7,Mejor amigo
1423,1337,2022-12-08,3,Cercana
311,72,2023-01-03,1,Conocido
485,801,2024-09-02,7,Compañero de trabajo
144,1170,2024-10-12,6,Compañero de trabajo
839,1114,2021-02-14,10,Cercana
21,695,2020-11-15,8,Mejor amigo
1239,642,2021-02-21,1,Cercana
197,1014,2021-07-23,4,Compañero de trabajo
684,1154,2023-11-23,1,Cercana
945,443,2024-02-04,10,Mejor amigo
184,389,2023-09-18,1,Mejor amigo
352,329,2020-12-28,2,Cercana
419,1108,2023-03-28,7,Cercana
1044,968,2020-12-18,2,Mejor amigo
1016,292,2024-10-16,3,Cercana
52,520,2020-05-27,6,Conocido
835,230,2023-12-24,8,Cercana
1167,343,2024-06-06,9,Cercana
971,13,2022-06-01,8,Conocido
628,502,2022-10-19,7,Cercana
297,462,2021-03-25,5,Conocido
270,377,2022-05-23,6,Compañero de trabajo
191,1327,2023-06-18,7,Cercana
296,702,2024-02-19,3,Compañero de trabajo
1204,553,2023-11-07,2,Compañero de trabajo
1361,1496,2020-04-26,1,Conocido
625,914,2020-09-02,8,Compañero de trabajo
770,1264,2022-04-25,1,Compañero de trabajo
1382,375,2021-05-02,7,Conocido
647,194,2023-02-02,4,Compañero de trabajo
964,838,2023-12-05,2,Mejor amigo
1235,615,2023-08-26,9,Cercana
1387,275,2022-11-02,5,Conocido
1418,736,2024-05-18,10,Conocido
230,783,2020-12-09,1,Compañero de trabajo
217,218,2021-09-18,10,Cercana
655,1100,2023-01-13,10,Cercana
350,881,2022-05-03,9,Mejor amigo
1440,585,2022-09-09,10,Mejor amigo
523,981,2023-02-17,9,Mejor amigo
1053,1382,2024-10-15,7,Compañero de trabajo
439,950,2022-09-19,7,Cercana
20,1025,2023-11-25,9,Conocido
639,935,2024-12-26,5,Cercana
1047,473,2023-02-26,8,Cercana
1157,225,2020-11-24,10,Cercana
1005,598,2023-06-24,10,Compañero de trabajo
176,896,2020-09-11,5,Cercana
104,827,2022-04-25,10,Compañero de trabajo
805,1246,2025-01-12,3,Compañero de trabajo
668,472,2020-04-21,5,Conocido
1045,896,2020-09-20,5,Mejor amigo
81,1033,2022-05-28,3,Cercana
459,1176,2020-05-23,9,Mejor amigo
653,562,2025-02-24,7,Compañero de trabajo
304,1464,2020-05-02,1,Compañero de trabajo
136,341,2022-12-31,4,Mejor amigo
1406,304,2022-09-26,1,Conocido
674,4,2022-09-17,4,Compañero de trabajo
5,125,2022-10-20,1,Cercana
1124,1063,2025-01-05,7,Compañero de trabajo
598,1463,2023-10-01,7,Mejor amigo
491,1216,2021-08-07,2,Cercana
7,1058,2023-05-03,9,Cercana
249,517,2021-05-20,2,Mejor amigo
6,48,2021-01-31,10,Cercana
788,1163,2023-09-26,3,Compañero de trabajo
285,1404,2023-02-15,8,Compañero de trabajo
936,1192,2022-03-31,9,Mejor amigo
1468,1266,2024-11-04,1,Mejor amigo
19,1110,2024-01-15,6,Conocido
1113,169,2021-12-31,9,Mejor amigo
984,529,2025-02-07,7,Compañero de trabajo
84,104,2020-07-24,1,Conocido
1402,449,2024-01-17,4,Mejor amigo
244,199,2023-08-03,4,Mejor amigo
169,197,2023-06-22,9,Cercana
652,190,2023-07-29,10,Conocido
1422,531,2024-04-15,6,Compañero de trabajo
1175,633,2023-03-09,3,Cercana
388,1303,2021-06-11,5,Cercana
141,744,2022-05-03,4,Conocido
490,569,2022-09-07,7,Mejor amigo
62,915,2021-09-12,6,Mejor amigo
1178,1244,2020-04-09,10,Conocido
581,1192,2022-03-14,5,Mejor amigo
885,905,2021-01-13,3,Cercana
196,120,2022-11-18,9,Compañero de trabajo
547,1319,2024-03-29,1,Compañero de trabajo
1447,1105,2024-05-09,2,Compañero de trabajo
283,1337,2020-03-25,4,Mejor amigo
1222,592,2023-08-05,1,Compañero de trabajo
801,289,2023-02-08,1,Conocido
1026,144,2024-11-22,8,Conocido
1411,666,2020-09-17,3,Mejor amigo
466,735,2021-01-09,4,Mejor amigo
639,328,2021-04-07,4,Conocido
931,36,2022-07-07,1,Conocido
179,327,2023-04-16,10,Cercana
1147,286,2020-08-25,9,Conocido
220,1125,2024-03-04,2,Mejor amigo
143,1287,2023-11-16,3,Conocido
709,1157,2024-11-01,1,Conocido
1364,815,2022-02-21,2,Cercana
125,952,2023-11-10,10,Compañero de trabajo
449,114,2022-01-21,5,Mejor amigo
837,49,2022-12-08,1,Cercana
262,1151,2020-07-07,4,Compañero de trabajo
939,178,2023-09-27,1,Cercana
1482,360,2024-07-03,4,Compañero de trabajo
1163,1285,2020-07-26,7,Cercana
719,184,2021-01-10,3,Cercana
1342,542,2024-12-28,9,Conocido
24,1020,2021-05-03,7,Mejor amigo
666,460,2021-05-25,5,Conocido
782,1486,2024-01-23,1,Conocido
1342,364,2021-03-04,3,Mejor amigo
859,449,2023-09-18,5,Mejor amigo
52,220,2023-09-07,10,Cercana
682,485,2021-08-11,1,Conocido
1023,1473,2021-11-28,4,Conocido
1008,305,2022-02-06,5,Compañero de trabajo
717,1144,2023-03-14,7,Cercana
1006,840,2021-09-07,9,Compañero de trabajo
335,651,2023-09-21,2,Compañero de trabajo
940,1369,2020-02-29,3,Mejor amigo
928,8,2020-11-15,9,Mejor amigo
857,1441,2024-01-28,7,Conocido
1432,820,2023-12-17,3,Compañero de trabajo
566,157,2021-08-17,10,Mejor amigo
838,1118,2023-09-12,8,Conocido
1278,601,2023-01-27,8,Mejor amigo
165,1357,2023-01-04,3,Cercana
1309,426,2024-06-12,6,Cercana
75,846,2020-09-22,2,Conocido
1026,1159,2021-11-20,8,Conocido
299,258,2021-03-27,4,Conocido
557,430,2023-11-07,5,Cercana
630,1487,2020-12-28,7,Mejor amigo
1122,313,2021-10-08,2,Compañero de trabajo
178,689,2023-01-03,7,Conocido
1239,730,2022-05-13,3,Conocido
526,1178,2021-04-25,3,Cercana
819,1352,2024-01-01,5,Conocido
1317,181,2020-03-13,2,Cercana
1374,1455,2020-11-07,10,Mejor amigo
401,1120,2024-11-02,9,Cercana
1088,301,2021-03-29,8,Compañero de trabajo
6,1370,2021-12-21,7,Compañero de trabajo
629,462,2021-11-15,6,Conocido
1025,1030,2021-04-13,3,Cercana
1082,1059,2020-08-22,5,Mejor amigo
1100,48,2020-08-04,7,Mejor amigo
532,38,2021-07-25,6,Cercana
207,90,2022-11-29,3,Cercana
330,760,2022-01-18,5,Compañero de trabajo
1345,572,2020-07-08,2,Compañero de trabajo
507,61,2022-06-30,2,Mejor amigo
105,637,2023-07-19,10,Mejor amigo
9,491,2024-02-28,8,Compañero de trabajo
206,1462,2022-10-12,9,Mejor amigo
109,120,2020-04-19,4,Compañero de trabajo
128,1432,2024-01-03,4,Cercana
1218,915,2020-12-13,9,Cercana
165,184,2024-10-13,5,Cercana
28,430,2023-04-27,5,Mejor amigo
240,493,2022-01-09,2,Mejor amigo
203,1208,2022-02-17,8,Mejor amigo
94,215,2021-02-11,7,Compañero de trabajo
727,1401,2020-10-23,10,Cercana
1479,1040,2023-01-17,5,Cercana
1192,1328,2023-08-02,5,Mejor amigo
1073,674,2022-08-30,6,Cercana
1288,247,2024-06-19,2,Compañero de trabajo
897,698,2022-01-09,4,Conocido
1086,340,2022-11-27,2,Cercana
968,341,2023-09-06,9,Mejor amigo
1071,8,2021-08-31,8,Compañero de trabajo
959,1227,2024-11-17,1,Compañero de trabajo
959,230,2024-01-27,7,Cercana
874,57,2023-01-15,9,Cercana
1261,963,2021-10-18,3,Compañero de trabajo
416,1387,2021-01-21,10,Mejor amigo
515,986,2024-06-25,8,Cercana
1097,406,2022-05-09,8,Conocido
465,83,2024-10-08,8,Mejor amigo
1147,218,2022-03-02,1,Compañero de trabajo
588,1121,2022-03-05,1,Conocido
721,954,2023-05-17,9,Cercana
31,348,2022-08-07,5,Conocido
398,277,2024-12-09,4,Mejor amigo
382,333,2021-06-08,2,Mejor amigo
1199,78,2021-02-04,7,Mejor amigo
1130,722,2023-01-31,8,Conocido
816,1365,2021-06-06,8,Cercana
797,907,2025-02-22,6,Cercana
895,1270,2023-09-07,2,Compañero de trabajo
1184,747,2022-04-23,3,Cercana
660,113,2023-04-01,2,Mejor amigo
611,298,2024-08-01,7,Cercana
10,984,2024-02-15,1,Compañero de trabajo
405,746,2020-09-09,1,Conocido
321,578,2023-05-16,4,Cercana
1270,1103,2023-06-03,4,Compañero de trabajo
591,1110,2021-10-21,5,Cercana
452,49,2021-12-07,1,Conocido
220,871,2020-07-21,10,Cercana
32,648,2021-12-01,4,Cercana
302,207,2021-04-12,6,Cercana
773,976,2021-07-10,6,Mejor amigo
1431,596,2020-12-20,7,Compañero de trabajo
474,1368,2023-11-05,10,Conocido
477,635,2024-11-06,9,Cercana
192,7,2024-07-09,6,Cercana
243,566,2020-07-18,8,Mejor amigo
532,319,2024-02-13,8,Mejor amigo
251,656,2020-03-06,8,Compañero de trabajo
1131,691,2020-12-19,6,Cercana
281,1119,2024-07-04,2,Mejor amigo
1010,675,2021-06-24,2,Compañero de trabajo
480,1213,2020-11-11,6,Mejor amigo
1038,202,2022-12-30,6,Conocido
532,317,2023-01-05,7,Cercana
1376,1226,2024-04-25,8,Compañero de trabajo
466,786,2022-05-22,1,Compañero de trabajo
606,600,2020-11-24,7,Conocido
574,866,2021-04-16,8,Mejor amigo
290,76,2023-04-13,6,Cercana
905,209,2021-01-03,1,Mejor amigo
417,126,2021-09-02,9,Mejor amigo
251,741,2021-01-13,7,Conocido
1336,985,2024-10-14,9,Compañero de trabajo
986,1362,2024-10-18,1,Compañero de trabajo
201,997,2021-10-09,6,Conocido
468,1086,2021-10-23,1,Compañero de trabajo
906,608,2022-08-16,2,Conocido
1031,665,2020-04-13,8,Compañero de trabajo
786,103,2020-10-25,3,Compañero de trabajo
681,532,2024-02-22,7,Mejor amigo
303,924,2025-01-16,3,Conocido
94,919,2020-10-07,7,Mejor amigo
514,279,2022-09-27,1,Mejor amigo
1337,773,2022-06-01,4,Compañero de trabajo
980,139,2023-01-23,4,Conocido
427,1489,2023-04-07,9,Mejor amigo
975,856,2024-03-06,3,Conocido
1237,257,2023-11-14,4,Mejor amigo
1479,1033,2023-06-16,8,Cercana
833,1376,2025-02-06,1,Conocido
1059,1072,2023-05-11,7,Compañero de trabajo
362,118,2021-06-07,6,Conocido
482,532,2023-01-29,1,Conocido
53,1408,2021-11-13,9,Compañero de trabajo
972,410,2023-08-25,10,Mejor amigo
172,671,2023-12-29,10,Mejor amigo
879,528,2021-01-11,1,Conocido
393,1397,2021-01-09,6,Mejor amigo
923,119,2024-04-13,8,Mejor amigo
1024,1456,2021-03-13,6,Conocido
522,326,2021-04-24,7,Cercana
1202,1443,2020-07-09,1,Compañero de trabajo
1080,532,2022-02-03,3,Compañero de trabajo
977,431,2022-09-30,7,Compañero de trabajo
933,1493,2023-04-10,4,Compañero de trabajo
123,1447,2024-03-25,3,Compañero de trabajo
1318,302,2022-06-08,8,Cercana
218,154,2021-03-11,8,Conocido
1334,1004,2023-12-07,7,Cercana
1008,219,2023-01-19,7,Compañero de trabajo
118,604,2023-05-23,3,Conocido
234,592,2023-01-31,5,Mejor amigo
1182,1134,2021-08-15,4,Cercana
768,360,2021-12-03,2,Mejor amigo
1185,17,2020-03-15,4,Compañero de trabajo
384,61,2020-07-21,3,Mejor amigo
1165,1126,2021-04-06,1,Cercana
546,378,2021-09-22,7,Conocido
1015,159,2022-08-22,1,Mejor amigo
1119,52,2021-09-01,2,Mejor amigo
952,40,2021-04-01,4,Cercana
820,398,2022-02-12,8,Cercana
702,1404,2023-12-25,1,Cercana
597,1195,2020-12-06,4,Compañero de trabajo
379,847,2023-07-30,8,Compañero de trabajo
520,573,2023-06-06,7,Compañero de trabajo
232,903,2022-10-19,3,Conocido
909,888,2022-02-03,4,Cercana
1106,456,2021-12-31,10,Cercana
815,666,2021-10-16,5,Cercana
321,717,2023-03-06,10,Conocido
223,1432,2020-11-14,10,Compañero de trabajo
1239,461,2023-12-30,3,Mejor amigo
1436,324,2021-07-06,8,Compañero de trabajo
1108,179,2020-09-16,3,Cercana
794,456,2020-09-18,6,Cercana
612,1154,2020-09-26,7,Cercana
257,882,2022-11-06,7,Mejor amigo
810,1323,2021-04-15,6,Compañero de trabajo
930,341,2021-07-12,9,Conocido
729,421,2023-11-30,10,Mejor amigo
543,1277,2020-03-24,10,Conocido
48,928,2025-01-27,1,Mejor amigo
618,6,2021-12-16,7,Mejor amigo
745,846,2020-08-16,1,Compañero de trabajo
92,1118,2023-09-28,1,Cercana
1158,352,2024-02-28,10,Cercana
340,382,2023-10-20,2,Conocido
613,488,2022-05-03,10,Cercana
573,531,2021-03-22,9,Cercana
1198,462,2020-07-22,3,Compañero de trabajo
714,395,2021-02-22,4,Compañero de trabajo
355,14,2020-12-12,3,Compañero de trabajo
733,138,2024-05-24,1,Compañero de trabajo
767,1336,2022-03-30,6,Conocido
122,233,2020-10-16,10,Compañero de trabajo
692,581,2020-06-29,6,Cercana
463,830,2020-10-24,10,Conocido
1424,427,2020-06-29,10,Compañero de trabajo
503,395,2021-02-16,3,Conocido
505,808,2020-05-31,3,Mejor amigo
271,15,2022-05-21,9,Cercana
711,1156,2023-06-29,9,Compañero de trabajo
251,259,2020-06-16,5,Conocido
186,332,2020-07-24,10,Cercana
910,683,2022-12-22,10,Mejor amigo
642,1253,2021-09-25,10,Compañero de trabajo
116,242,2020-07-20,3,Compañero de trabajo
1017,823,2022-10-20,4,Cercana
986,942,2025-02-17,5,Conocido
570,328,2023-01-18,2,Cercana
787,374,2023-06-12,10,Conocido
1313,191,2023-09-15,10,Compañero de trabajo
918,701,2024-09-13,10,Cercana
1201,272,2023-07-24,3,Mejor amigo
915,156,2023-02-06,4,Cercana
987,763,2020-11-28,4,Mejor amigo
263,868,2020-04-30,5,Mejor amigo
653,310,2021-11-09,9,Mejor amigo
516,785,2024-10-25,2,Compañero de trabajo
1437,53,2023-03-15,10,Mejor amigo
247,919,2021-12-11,4,Cercana
10,1170,2024-03-03,10,Compañero de trabajo
1352,1092,2021-09-12,5,Conocido
282,554,2021-04-21,1,Compañero de trabajo
341,1445,2024-01-23,2,Cercana
725,1416,2024-08-27,4,Conocido
727,21,2022-02-09,6,Cercana
555,430,2025-01-12,3,Cercana
1192,1311,2021-09-15,2,Conocido
487,1365,2020-03-22,1,Mejor amigo
994,1211,2021-07-27,8,Compañero de trabajo
535,955,2023-01-19,10,Compañero de trabajo
767,1419,2021-12-23,5,Compañero de trabajo
315,192,2021-09-11,9,Compañero de trabajo
1451,521,2022-10-08,6,Cercana
1210,370,2022-06-07,1,Conocido
1112,990,2024-08-25,8,Cercana
884,1010,2024-10-11,7,Compañero de trabajo
428,481,2024-10-13,3,Mejor amigo
726,196,2020-05-05,6,Cercana
340,697,2024-05-02,8,Conocido
888,564,2023-08-20,1,Conocido
1304,1032,2023-11-10,6,Compañero de trabajo
1109,352,2023-03-10,6,Mejor amigo
1456,979,2024-02-02,3,Mejor amigo
353,37,2024-03-05,9,Conocido
815,988,2023-07-19,3,Compañero de trabajo
743,625,2022-10-29,4,Conocido
765,165,2022-10-21,10,Mejor amigo
346,1138,2021-12-19,3,Compañero de trabajo
376,718,2025-01-06,1,Cercana
1093,376,2023-02-25,6,Mejor amigo
345,615,2021-07-20,8,Compañero de trabajo
1132,843,2024-11-12,4,Conocido
370,1324,2024-12-22,1,Cercana
348,333,2021-01-01,4,Conocido
179,589,2022-05-02,10,Compañero de trabajo
1217,24,2023-10-04,1,Mejor amigo
808,349,2022-02-28,8,Cercana
276,840,2020-10-09,7,Cercana
538,702,2021-07-26,1,Conocido
882,398,2022-08-31,3,Cercana
978,584,2023-01-25,1,Cercana
1469,475,2022-03-01,10,Cercana
103,173,2022-05-11,10,Compañero de trabajo
504,760,2024-01-05,4,Compañero de trabajo
276,329,2022-05-18,5,Mejor amigo
192,178,2025-02-07,10,Compañero de trabajo
783,12,2020-09-17,1,Mejor amigo
44,1084,2020-10-19,3,Mejor amigo
996,1350,2023-08-11,1,Conocido
820,576,2020-06-10,7,Cercana
1404,857,2024-06-26,1,Mejor amigo
893,266,2022-05-30,7,Conocido
448,1452,2024-02-11,9,Conocido
22,31,2024-10-12,10,Conocido
468,949,2021-03-06,3,Compañero de trabajo
556,868,2024-11-24,2,Mejor amigo
872,1350,2021-07-01,3,Compañero de trabajo
1379,228,2021-05-21,4,Compañero de trabajo
841,235,2021-07-17,1,Conocido
580,1460,2021-12-20,2,Mejor amigo
614,282,2022-06-03,4,Cercana
797,715,2022-06-17,5,Conocido
239,403,2025-01-10,8,Compañero de trabajo
951,963,2022-08-13,7,Conocido
977,861,2022-07-10,1,Mejor amigo
1419,427,2024-01-06,5,Conocido
369,1278,2022-09-21,1,Conocido
878,143,2024-09-16,8,Conocido
697,205,2022-09-26,9,Mejor amigo
41,178,2024-08-14,8,Compañero de trabajo
354,614,2023-03-05,3,Cercana
346,588,2023-07-07,9,Compañero de trabajo
912,631,2022-10-17,5,Conocido
160,1017,2022-09-18,3,Compañero de trabajo
551,708,2022-12-12,7,Conocido
403,1027,2020-11-01,7,Conocido
919,1168,2022-05-21,1,Compañero de trabajo
736,601,2021-08-29,9,Conocido
462,776,2021-02-26,3,Mejor amigo
1146,1163,2023-04-14,1,Conocido
1410,958,2024-02-04,3,Compañero de trabajo
1057,889,2021-05-07,5,Cercana
1338,25,2025-02-20,1,Conocido
466,1026,2020-12-11,6,Conocido
987,549,2022-05-03,3,Cercana
801,1488,2021-04-12,5,Compañero de trabajo
658,1209,2023-05-19,10,Cercana
67,1192,2020-08-16,4,Mejor amigo
1093,160,2024-03-26,5,Mejor amigo
103,625,2020-09-12,8,Mejor amigo
193,602,2022-01-07,4,Mejor amigo
1035,1071,2021-11-17,5,Conocido
435,937,2025-01-29,1,Mejor amigo
1491,769,2020-11-17,2,Mejor amigo
1335,720,2022-06-13,7,Conocido
849,958,2022-02-22,3,Mejor amigo
479,828,2024-09-14,9,Cercana
754,1350,2021-04-03,5,Cercana
1064,764,2023-11-26,9,Cercana
123,306,2023-08-01,8,Mejor amigo
1425,342,2022-07-19,10,Cercana
23,1059,2023-07-12,5,Conocido
84,1429,2021-02-18,8,Mejor amigo
42,595,2021-04-12,4,Conocido
844,878,2021-12-14,1,Conocido
75,467,2023-02-22,4,Mejor amigo
547,871,2022-11-24,10,Compañero de trabajo
433,56,2022-05-26,7,Mejor amigo
1321,902,2023-04-10,4,Cercana
829,965,2021-05-28,2,Compañero de trabajo
375,376,2023-01-01,7,Mejor amigo
974,1177,2025-01-04,5,Cercana
1259,34,2021-02-07,9,Mejor amigo
1041,1326,2021-12-03,9,Mejor amigo
674,447,2023-11-28,9,Conocido
1385,1225,2021-08-15,1,Mejor amigo
965,421,2020-03-29,10,Mejor amigo
419,624,2023-09-01,3,Mejor amigo
819,50,2024-02-20,6,Conocido
45,1374,2023-11-28,5,Compañero de trabajo
285,242,2022-01-02,8,Cercana
538,1327,2020-08-31,9,Mejor amigo
1434,160,2024-01-27,9,Mejor amigo
1399,1482,2024-12-05,8,Cercana
834,801,2020-05-17,4,Compañero de trabajo
126,143,2022-03-16,7,Compañero de trabajo
1184,1385,2021-12-21,1,Mejor amigo
393,1189,2022-04-29,10,Compañero de trabajo
1043,1261,2023-07-23,2,Compañero de trabajo
1005,246,2024-11-28,9,Compañero de trabajo
858,1439,2023-07-07,6,Compañero de trabajo
478,950,2021-07-09,2,Mejor amigo
13,1094,2020-08-02,7,Conocido
1251,538,2024-03-23,3,Mejor amigo
1203,598,2023-01-28,3,Cercana
423,1471,2021-12-15,10,Compañero de trabajo
179,1382,2024-12-10,4,Conocido
620,1408,2021-02-19,10,Cercana
232,579,2020-11-22,6,Mejor amigo
921,55,2025-02-07,7,Compañero de trabajo
131,1264,2021-10-09,6,Mejor amigo
389,5,2024-10-27,6,Conocido
1244,1087,2021-07-01,3,Conocido
476,1150,2024-07-20,9,Conocido
1349,503,2024-12-14,1,Compañero de trabajo
1421,1390,2020-11-12,2,Mejor amigo
1485,1104,2024-06-28,2,Mejor amigo
966,1029,2021-12-11,1,Mejor amigo
1299,772,2022-11-17,5,Compañero de trabajo
1389,234,2020-04-06,6,Cercana
211,778,2023-12-01,5,Compañero de trabajo
1340,1047,2022-02-28,2,Conocido
4,410,2024-05-29,8,Cercana
235,975,2022-09-25,1,Compañero de trabajo
845,1292,2024-09-05,5,Cercana
914,99,2022-11-21,4,Cercana
1051,1289,2023-01-16,9,Cercana
1061,1312,2020-03-30,2,Mejor amigo
327,824,2023-03-30,3,Compañero de trabajo
1231,850,2020-06-19,9,Compañero de trabajo
1334,607,2023-06-25,5,Conocido
62,1353,2024-06-26,1,Mejor amigo
302,1058,2021-03-01,9,Conocido
1158,377,2023-02-04,8,Conocido
182,155,2020-12-13,7,Cercana
867,1214,2020-11-21,2,Mejor amigo
226,352,2022-05-29,8,Mejor amigo
803,272,2023-09-05,1,Cercana
1087,274,2021-04-14,1,Compañero de trabajo
1280,246,2024-01-27,8,Cercana
1302,359,2024-06-04,7,Compañero de trabajo
1378,542,2022-12-28,5,Conocido
448,668,2023-07-08,10,Mejor amigo
1291,1334,2023-08-13,3,Conocido
685,1069,2021-07-10,8,Cercana
167,366,2020-10-04,1,Conocido
1356,1348,2024-02-23,3,Conocido
333,1347,2023-06-30,6,Compañero de trabajo
836,1222,2021-07-13,1,Cercana
320,457,2024-01-31,8,Conocido
510,19,2021-08-29,3,Conocido
1168,925,2022-10-15,7,Cercana
512,1250,2022-02-09,7,Mejor amigo
2,271,2024-06-14,5,Compañero de trabajo
769,652,2021-03-14,3,Conocido
87,721,2022-09-30,6,Compañero de trabajo
1431,871,2022-06-11,5,Cercana
1434,1092,2023-03-28,8,Conocido
571,1392,2023-08-21,1,Compañero de trabajo
820,1438,2023-02-20,5,Compañero de trabajo
244,722,2020-11-10,10,Mejor amigo
1021,510,2022-06-09,9,Conocido
567,1459,2024-01-01,7,Mejor amigo
312,405,2023-01-26,3,Compañero de trabajo
877,79,2021-11-19,7,Mejor amigo
950,1238,2020-06-13,10,Mejor amigo
582,1199,2020-09-29,2,Compañero de trabajo
764,1191,2022-09-02,5,Mejor amigo
1366,357,2022-05-12,3,Cercana
526,381,2023-06-05,10,Mejor amigo
378,340,2021-12-16,7,Compañero de trabajo
23,787,2022-03-25,7,Mejor amigo
149,930,2024-10-12,10,Mejor amigo
363,388,2022-05-18,6,Mejor amigo
1250,1209,2022-11-20,10,Compañero de trabajo
1205,1236,2022-11-29,9,Compañero de trabajo
442,657,2022-07-27,9,Mejor amigo
819,1139,2022-12-28,9,Mejor amigo
1455,1015,2020-03-07,8,Compañero de trabajo
763,889,2020-11-29,1,Conocido
249,506,2021-03-20,5,Compañero de trabajo
101,1072,2021-05-13,5,Compañero de trabajo
196,671,2021-05-05,4,Compañero de trabajo
1228,174,2020-10-11,3,Compañero de trabajo
825,21,2024-08-02,1,Cercana
137,594,2024-06-06,5,Cercana
1337,1349,2022-09-05,8,Mejor amigo
301,1264,2024-11-30,2,Conocido
1336,1355,2021-01-02,4,Cercana
583,1498,2021-11-22,10,Cercana
446,616,2020-10-28,2,Cercana
419,1058,2021-03-30,10,Mejor amigo
659,312,2020-08-10,9,Mejor amigo
272,68,2023-03-13,10,Mejor amigo
1320,671,2022-03-28,7,Conocido
328,1367,2020-08-17,3,Conocido
24,675,2024-11-11,10,Compañero de trabajo
114,1063,2025-01-13,3,Compañero de trabajo
690,476,2024-07-30,1,Mejor amigo
874,877,2022-02-22,10,Cercana
1275,535,2020-05-09,9,Mejor amigo
257,1165,2024-12-19,9,Cercana
1330,758,2021-06-12,7,Compañero de trabajo
9,175,2021-09-23,8,Conocido
504,1287,2021-06-10,1,Mejor amigo
1261,837,2020-06-27,7,Cercana
1078,882,2021-07-22,10,Conocido
984,314,2022-10-12,5,Cercana
635,508,2020-09-27,5,Mejor amigo
528,247,2024-05-27,3,Conocido
462,149,2023-10-13,4,Mejor amigo
1353,1268,2023-08-15,6,Mejor amigo
199,27,2023-11-19,1,Mejor amigo
1004,1016,2020-07-16,4,Compañero de trabajo
151,1017,2023-08-03,6,Cercana
463,859,2024-08-31,2,Compañero de trabajo
93,301,2021-11-12,6,Cercana
1210,407,2024-10-22,9,Mejor amigo
397,431,2021-07-03,8,Cercana
389,611,2024-11-08,3,Conocido
636,564,2021-07-21,8,Conocido
1127,1248,2023-05-15,1,Conocido
1011,884,2023-08-18,1,Mejor amigo
1095,852,2023-12-20,3,Compañero de trabajo
646,135,2022-08-13,1,Mejor amigo
847,659,2020-08-31,2,Cercana
966,1290,2020-04-23,1,Conocido
184,990,2020-03-19,4,Compañero de trabajo
1103,1215,2024-03-29,6,Cercana
549,721,2024-04-20,7,Compañero de trabajo
524,76,2022-01-13,10,Cercana
1144,726,2022-12-10,9,Cercana
706,710,2022-08-26,9,Cercana
1493,196,2025-02-02,6,Mejor amigo
534,556,2023-08-21,10,Mejor amigo
1371,750,2021-09-23,4,Cercana
816,97,2023-04-06,8,Mejor amigo
6,104,2023-02-17,5,Cercana
1204,504,2020-04-22,1,Conocido
654,639,2021-02-18,2,Conocido
38,510,2021-05-09,10,Compañero de trabajo
365,167,2020-12-03,9,Cercana
1395,429,2022-01-01,10,Mejor amigo
807,329,2023-04-02,1,Compañero de trabajo
1053,762,2022-12-24,9,Mejor amigo
1402,571,2021-10-04,1,Mejor amigo
1094,1107,2020-08-04,1,Compañero de trabajo
803,659,2021-02-27,3,Conocido
186,783,2021-07-12,5,Mejor amigo
1453,1230,2023-01-11,4,Compañero de trabajo
1480,485,2022-01-14,6,Mejor amigo
271,410,2022-04-20,1,Compañero de trabajo
1239,960,2021-11-03,5,Conocido
43,1031,2023-10-29,9,Cercana
885,999,2022-05-08,1,Mejor amigo
88,1222,2023-06-18,3,Cercana
1392,1466,2023-10-22,2,Cercana
1108,1481,2025-02-05,5,Compañero de trabajo
162,189,2022-01-17,4,Compañero de trabajo
799,776,2024-02-09,2,Cercana
687,1101,2020-09-04,5,Conocido
1149,97,2023-10-12,6,Compañero de trabajo
818,494,2024-03-13,3,Cercana
229,1217,2022-12-11,7,Cercana
605,932,2023-11-07,3,Compañero de trabajo
38,643,2022-09-10,4,Mejor amigo
1389,15,2022-08-16,8,Mejor amigo
559,745,2020-05-07,5,Conocido
984,1488,2021-12-11,1,Compañero de trabajo
1312,403,2020-11-20,2,Mejor amigo
131,593,2022-06-07,7,Cercana
1265,1173,2024-07-14,6,Compañero de trabajo
1181,558,2021-08-24,7,Mejor amigo
794,836,2021-09-18,3,Mejor amigo
369,509,2021-03-03,6,Mejor amigo
6,745,2020-10-13,4,Cercana
283,788,2022-05-14,2,Conocido
34,266,2022-12-18,6,Mejor amigo
1138,919,2024-05-09,1,Compañero de trabajo
796,1059,2021-09-08,7,Cercana
678,107,2020-04-24,7,Compañero de trabajo
86,812,2023-02-08,7,Compañero de trabajo
889,18,2023-05-06,6,Cercana
265,1497,2022-11-17,9,Cercana
1326,1297,2022-01-31,7,Conocido
17,1278,2021-07-15,9,Cercana
23,444,2021-01-04,10,Cercana
1214,243,2023-07-12,3,Cercana
486,1309,2024-11-04,1,Compañero de trabajo
748,278,2022-11-29,1,Conocido
695,324,2023-02-22,4,Mejor amigo
760,1165,2022-11-07,8,Conocido
474,230,2020-02-28,10,Compañero de trabajo
804,86,2021-06-18,1,Mejor amigo
89,273,2023-06-13,8,Conocido
1010,605,2022-07-30,6,Conocido
560,1291,2023-04-12,10,Compañero de trabajo
90,654,2020-04-08,5,Conocido
1421,585,2023-02-25,6,Compañero de trabajo
1053,186,2024-08-07,2,Cercana
1292,1150,2021-12-04,2,Mejor amigo
713,1289,2023-06-27,6,Compañero de trabajo
581,580,2020-08-11,6,Mejor amigo
832,322,2024-02-02,3,Conocido
306,253,2021-07-03,8,Mejor amigo
108,645,2021-06-02,7,Mejor amigo
25,481,2024-12-02,7,Cercana
861,286,2024-06-06,5,Mejor amigo
63,917,2022-07-20,1,Conocido
920,1312,2025-01-26,3,Mejor amigo
832,33,2025-01-21,3,Compañero de trabajo
724,129,2021-11-06,6,Conocido
56,146,2025-01-31,6,Compañero de trabajo
1395,9,2021-06-05,2,Mejor amigo
472,1392,2024-09-05,2,Mejor amigo
1018,193,2024-11-27,6,Mejor amigo
111,711,2023-08-11,9,Mejor amigo
1172,127,2023-06-15,6,Compañero de trabajo
368,524,2024-06-14,5,Cercana
429,503,2025-01-27,10,Conocido
630,906,2024-08-24,10,Conocido
116,1454,2020-04-11,7,Conocido
1499,749,2020-12-26,4,Cercana
1393,656,2020-06-01,8,Cercana
654,1481,2023-07-22,8,Cercana
1173,164,2023-01-18,9,Mejor amigo
891,616,2021-09-07,7,Compañero de trabajo
880,677,2024-08-30,7,Cercana
1135,482,2023-01-31,4,Conocido
1462,1244,2022-07-30,8,Conocido
1285,1374,2022-10-21,9,Mejor amigo
811,1121,2021-10-25,1,Conocido
1407,960,2020-06-04,1,Compañero de trabajo
498,1422,2022-10-28,8,Mejor amigo
1498,182,2021-08-21,9,Conocido
501,13,2021-12-13,2,Compañero de trabajo
336,53,2023-10-09,10,Conocido
886,1002,2021-01-11,4,Compañero de trabajo
389,295,2022-04-26,10,Mejor amigo
436,1398,2020-12-19,3,Compañero de trabajo
1159,830,2023-10-30,5,Conocido
82,382,2022-02-20,9,Compañero de trabajo
660,492,2023-12-10,3,Mejor amigo
943,771,2020-04-21,10,Compañero de trabajo
529,339,2024-01-26,8,Mejor amigo
485,1274,2021-07-12,3,Compañero de trabajo
1477,1096,2024-05-17,6,Compañero de trabajo
96,280,2022-05-15,4,Compañero de trabajo
45,1179,2021-05-03,2,Conocido
1411,1,2020-05-26,2,Mejor amigo
1264,387,2020-07-15,4,Compañero de trabajo
1058,572,2023-02-15,5,Compañero de trabajo
436,609,2020-08-08,8,Cercana
1239,1211,2021-09-17,9,Compañero de trabajo
1246,19,2022-08-26,8,Conocido
658,173,2020-03-11,6,Conocido
1414,701,2023-12-01,3,Mejor amigo
118,907,2025-01-01,6,Mejor amigo
1165,1413,2022-01-30,10,Cercana
414,1129,2023-12-02,4,Cercana
61,8,2024-03-07,7,Conocido
504,438,2024-12-03,3,Compañero de trabajo
886,1281,2024-07-06,3,Compañero de trabajo
1010,921,2020-11-10,8,Mejor amigo
448,418,2020-07-21,2,Mejor amigo
1487,1037,2022-05-21,1,Mejor amigo
823,612,2024-06-21,8,Cercana
908,8,2023-04-18,4,Conocido
108,488,2025-02-18,7,Cercana
687,1259,2021-01-02,6,Compañero de trabajo
1278,1032,2023-02-11,5,Compañero de trabajo
1291,590,2020-05-12,2,Cercana
1312,969,2023-03-16,5,Cercana
271,1016,2022-05-30,5,Cercana
1384,1328,2021-08-09,7,Mejor amigo
752,1037,2022-09-02,3,Mejor amigo
929,861,2024-11-18,3,Conocido
1166,5,2023-12-16,7,Compañero de trabajo
29,82,2024-08-07,4,Mejor amigo
391,1042,2022-07-22,6,Mejor amigo
538,844,2020-07-11,2,Conocido
1175,918,2022-10-10,5,Conocido
1219,995,2021-01-16,10,Compañero de trabajo
214,1071,2022-10-07,4,Mejor amigo
1177,1110,2024-05-26,5,Cercana
528,1227,2021-01-15,9,Mejor amigo
71,1207,2022-05-14,10,Conocido
