usuario_id,reel_id,fecha_vista,duracion_vista,completo
1064,347,2022-09-20,69,False
933,473,2022-02-12,91,True
1391,412,2024-05-08,58,False
91,223,2022-03-30,42,False
1051,574,2020-03-18,80,True
1318,346,2023-02-19,28,True
333,327,2022-02-03,43,False
712,624,2023-02-24,62,False
1119,684,2023-09-22,106,False
804,616,2021-04-11,57,True
627,188,2024-04-21,23,True
329,311,2023-09-03,36,False
1358,536,2022-02-28,79,True
351,226,2020-04-10,92,False
70,134,2020-06-13,117,False
63,149,2025-02-21,34,True
1041,495,2024-04-27,74,False
1035,333,2023-05-27,76,True
1074,400,2022-02-07,72,False
1011,118,2021-09-27,33,True
884,600,2022-12-02,51,True
182,373,2021-04-27,84,False
206,4,2024-01-18,10,True
1094,278,2022-03-25,87,True
738,645,2023-11-23,24,False
570,20,2023-06-08,41,True
994,630,2024-04-14,43,True
143,625,2022-05-09,13,False
751,593,2024-10-28,46,True
221,289,2024-10-25,117,False
310,53,2020-11-27,78,False
703,647,2022-02-14,98,True
911,488,2025-01-26,53,False
637,39,2020-12-15,7,False
267,32,2022-06-27,27,True
1443,157,2021-05-25,44,False
915,158,2020-03-21,92,True
1054,328,2022-02-12,84,False
211,145,2024-05-25,15,False
961,544,2023-03-28,46,False
105,654,2023-06-30,40,False
1125,54,2022-10-16,38,False
1443,349,2020-09-07,4,False
270,111,2022-10-14,50,True
147,467,2022-04-07,61,False
927,618,2020-09-30,57,False
171,496,2022-09-06,43,True
67,693,2020-05-26,4,False
247,652,2021-01-06,59,False
1099,662,2022-02-23,79,False
627,262,2024-08-23,48,True
1358,660,2024-12-03,62,True
450,63,2024-03-01,26,False
1490,523,2024-12-04,63,True
502,611,2022-10-12,10,True
681,569,2021-07-12,100,False
417,45,2023-04-14,15,True
129,250,2022-03-15,36,False
585,185,2021-11-15,17,False
558,598,2024-01-31,116,True
671,149,2021-01-11,39,True
595,234,2024-07-12,76,False
40,120,2025-02-20,4,False
1383,573,2022-04-30,67,True
927,313,2021-09-30,35,True
230,627,2024-09-16,23,False
866,238,2022-07-21,58,False
354,567,2020-04-02,97,True
650,30,2024-09-19,82,False
281,278,2024-09-08,94,True
627,364,2024-06-17,24,True
522,193,2023-04-10,1,True
552,670,2023-08-27,4,False
385,535,2022-01-14,92,False
1339,605,2024-06-02,89,False
904,329,2020-03-22,74,False
179,525,2021-09-16,51,False
775,113,2024-10-15,33,True
387,335,2023-01-03,35,False
52,415,2021-06-01,111,True
43,345,2020-09-27,28,True
731,571,2021-06-12,98,False
608,550,2020-08-02,102,False
1278,506,2020-07-26,9,True
150,8,2022-08-05,54,True
756,477,2020-12-03,58,True
1205,449,2023-08-04,115,True
1288,266,2022-06-04,11,True
1293,456,2024-11-12,7,True
600,363,2023-03-19,62,True
15,459,2020-12-10,14,True
120,161,2023-04-13,42,True
1378,613,2023-02-23,50,False
922,687,2024-12-23,29,False
478,691,2023-08-08,26,False
149,460,2022-05-18,96,True
1459,10,2024-09-30,46,True
522,390,2024-03-18,47,False
1119,280,2020-06-03,50,False
776,148,2021-10-03,100,False
211,210,2021-04-21,9,True
1437,289,2021-03-08,7,True
470,188,2024-07-22,51,False
503,457,2024-02-04,31,True
1158,461,2020-04-12,69,False
105,255,2022-03-09,57,False
370,248,2023-04-11,32,False
761,672,2020-07-01,34,True
86,526,2024-10-24,49,False
1451,336,2024-11-01,5,True
1243,245,2024-10-23,26,False
623,221,2024-07-19,87,False
759,577,2022-07-13,15,False
452,161,2021-07-21,64,False
417,648,2022-02-14,79,False
896,700,2023-03-28,67,False
159,280,2022-05-29,84,True
438,495,2020-03-24,100,True
565,516,2021-04-21,44,False
207,196,2020-09-27,14,True
1084,263,2023-08-28,29,False
780,76,2025-01-17,111,True
399,369,2024-10-01,89,False
734,506,2020-07-15,118,False
1350,689,2023-10-10,41,True
339,645,2024-11-05,77,False
720,685,2020-09-28,100,True
127,79,2022-02-01,15,True
1099,106,2023-01-25,74,False
60,371,2023-06-20,22,False
1145,602,2021-11-20,30,True
1096,160,2023-06-03,13,True
897,590,2021-05-25,9,True
1037,490,2021-05-14,115,False
1204,567,2022-06-14,119,True
1148,512,2022-08-06,39,False
835,250,2023-11-01,36,False
1294,653,2021-09-18,109,True
912,172,2023-10-20,95,True
125,38,2022-12-28,74,True
78,430,2023-04-01,28,True
1143,385,2023-08-27,117,True
879,53,2021-03-09,20,True
301,462,2023-04-04,100,False
1365,158,2024-04-30,90,True
969,567,2023-12-27,115,True
1426,480,2021-03-30,57,True
118,365,2022-02-06,89,True
1347,82,2023-01-11,91,True
347,363,2023-01-30,91,False
186,156,2020-11-13,11,True
1472,695,2024-03-26,70,True
98,520,2021-04-11,32,True
1274,199,2024-01-29,28,False
885,148,2022-07-16,23,False
515,146,2024-10-29,33,True
70,108,2022-09-04,106,False
572,174,2024-01-10,47,True
577,269,2021-09-24,62,True
1125,206,2024-02-16,99,True
436,410,2020-07-08,61,True
913,437,2023-02-27,21,True
1397,609,2025-01-29,88,False
835,20,2022-05-30,44,True
634,650,2022-07-09,40,True
1150,648,2023-05-15,38,False
908,112,2020-12-28,3,True
294,456,2023-12-24,44,False
1143,620,2022-01-21,69,False
1107,494,2022-11-01,87,False
1117,123,2022-01-29,16,False
576,635,2023-07-27,7,True
626,555,2020-08-18,25,False
777,341,2023-09-19,25,False
1340,484,2024-05-29,117,False
441,51,2022-08-05,58,True
1463,556,2022-08-17,58,True
954,364,2024-05-23,108,False
1301,222,2020-03-05,14,True
1383,634,2023-09-29,14,True
153,230,2024-04-25,32,False
123,460,2022-10-07,73,True
1000,291,2020-03-11,52,True
326,169,2020-09-10,18,False
553,309,2021-06-27,49,True
1268,413,2023-06-08,112,True
1374,632,2020-05-28,90,True
777,422,2021-06-16,73,True
1231,494,2024-06-19,50,False
404,201,2024-01-10,1,True
590,95,2020-08-13,41,False
554,604,2020-05-08,56,False
1413,602,2023-12-17,33,False
927,110,2020-09-14,115,False
1019,381,2021-01-25,96,False
1173,681,2020-05-16,37,False
1308,437,2023-10-20,40,True
1492,20,2022-09-03,77,True
1127,84,2024-06-24,42,False
107,681,2020-08-08,49,False
121,207,2021-05-20,28,False
1333,393,2021-10-21,88,True
876,289,2021-05-21,87,True
1091,362,2023-03-10,90,False
654,93,2024-06-23,39,False
932,142,2023-07-13,82,True
1150,103,2024-12-10,49,True
665,636,2024-06-28,108,False
94,333,2020-04-15,18,False
917,82,2020-09-05,114,False
1212,472,2024-10-07,59,True
1221,509,2024-09-15,50,False
1492,698,2020-12-28,97,True
250,312,2022-07-29,71,True
320,272,2024-08-14,102,False
1211,382,2022-09-17,114,False
83,333,2024-10-02,86,True
1416,159,2022-10-18,108,True
812,345,2023-06-13,9,False
927,143,2022-12-14,104,True
369,258,2022-05-20,83,True
1275,28,2020-10-11,45,True
774,155,2020-09-24,56,True
1215,399,2021-09-08,32,False
1498,441,2022-07-06,77,True
743,661,2021-08-21,28,False
316,354,2021-05-19,53,False
758,289,2023-08-26,67,True
1203,56,2020-08-27,14,True
981,51,2023-10-06,101,False
1090,129,2020-11-07,87,True
220,489,2022-04-11,54,False
493,679,2024-11-19,96,False
67,406,2021-09-10,60,False
286,271,2021-03-04,60,False
43,493,2024-03-08,102,True
358,632,2021-07-02,58,True
726,557,2022-10-25,95,False
220,249,2021-05-19,18,True
1053,486,2020-10-23,46,False
309,668,2024-11-25,67,True
47,380,2023-08-28,51,False
621,71,2023-10-25,109,True
1326,577,2023-12-04,39,True
81,336,2024-07-20,5,False
556,554,2021-05-16,27,True
965,195,2021-12-15,112,True
45,574,2025-02-02,51,False
1388,495,2023-08-12,70,False
1183,504,2024-04-05,101,True
573,100,2022-11-25,98,False
970,260,2023-10-23,17,False
421,152,2024-01-06,10,False
1467,622,2023-08-28,54,False
1312,550,2023-04-23,19,True
991,217,2025-02-15,7,False
511,634,2022-08-17,107,True
919,33,2024-11-20,62,True
578,573,2023-07-14,42,False
989,340,2022-01-22,69,False
1332,581,2023-12-24,77,True
1309,58,2024-11-21,91,False
526,606,2024-03-03,76,True
904,354,2024-08-27,58,True
1008,59,2023-02-16,92,False
755,196,2022-12-30,95,True
780,404,2023-12-08,102,False
116,299,2021-02-01,116,True
611,277,2020-11-02,70,False
821,447,2024-08-03,94,True
1297,110,2024-03-31,57,False
183,418,2021-04-07,20,True
115,188,2022-07-21,101,False
1046,159,2024-07-25,116,True
434,188,2021-02-13,6,True
1467,506,2024-08-30,19,False
984,345,2023-12-05,22,True
837,182,2020-04-22,41,False
606,544,2023-11-03,29,True
649,178,2021-11-05,92,True
1166,221,2022-01-02,5,True
197,501,2024-03-22,77,False
1098,371,2024-09-21,13,False
716,62,2024-01-12,95,False
542,639,2022-05-19,84,True
287,297,2023-12-08,95,False
887,574,2021-06-14,115,True
1409,60,2023-08-28,14,False
819,243,2023-12-02,15,False
434,473,2021-12-14,60,True
1372,106,2021-07-19,40,True
1051,607,2023-06-07,21,True
1473,311,2024-07-26,104,False
827,208,2021-01-31,41,False
262,94,2022-02-23,101,True
107,126,2023-09-13,64,True
113,471,2020-09-16,62,True
720,501,2023-01-07,62,True
1273,481,2022-01-16,48,True
450,221,2023-07-19,103,False
860,374,2022-10-11,58,True
313,603,2020-07-22,40,False
59,125,2024-04-06,20,False
701,190,2023-06-27,97,False
1436,596,2021-04-15,111,True
464,513,2020-07-17,79,False
1022,185,2021-08-26,55,False
102,486,2024-09-25,106,True
940,639,2021-06-20,2,False
495,211,2020-05-25,84,True
1095,649,2024-04-01,11,False
1244,489,2022-10-08,87,False
123,459,2025-02-23,72,True
1419,527,2022-11-22,68,False
707,357,2023-08-18,72,True
1289,211,2021-09-12,108,False
614,408,2022-07-10,91,False
1319,353,2020-11-28,117,True
285,533,2022-03-31,73,False
701,230,2021-05-15,92,True
1254,681,2022-07-13,100,False
1150,570,2023-01-28,55,True
137,49,2021-01-28,21,False
816,691,2021-04-01,84,True
1272,603,2022-03-13,95,False
1417,434,2020-10-09,96,False
183,291,2022-08-01,56,False
1297,202,2020-11-12,17,False
948,346,2022-06-12,35,True
673,378,2021-08-05,46,True
1116,649,2020-11-06,25,False
1126,283,2023-02-22,1,True
812,131,2024-07-31,71,False
663,290,2021-05-31,40,False
989,580,2023-01-25,107,True
1089,613,2022-04-28,62,True
1183,172,2023-01-23,95,False
1070,581,2021-02-24,119,True
293,678,2022-04-15,12,True
1462,553,2022-01-06,41,False
449,211,2022-10-03,78,True
1217,379,2022-01-02,57,False
1451,356,2024-10-05,106,True
1230,354,2021-05-31,85,True
654,403,2023-02-02,115,True
124,542,2020-09-02,1,True
73,38,2020-08-19,31,True
52,464,2024-08-20,35,True
357,444,2023-05-28,84,True
19,634,2025-02-25,12,True
458,76,2021-03-26,18,True
914,684,2020-06-15,81,True
1218,625,2023-02-13,88,False
1337,289,2020-09-27,97,False
522,392,2020-08-30,100,True
364,416,2021-10-18,101,False
583,37,2022-04-16,64,False
497,559,2020-10-15,50,True
1290,90,2023-03-19,66,False
466,262,2022-09-25,43,False
644,311,2021-04-26,101,False
25,426,2024-10-10,115,True
1295,507,2021-10-01,65,True
750,319,2022-07-23,1,False
231,173,2025-01-31,76,False
1161,9,2022-07-25,14,True
1006,437,2021-06-13,19,True
688,514,2024-07-20,66,False
478,86,2022-04-03,36,False
1378,42,2023-02-25,85,True
510,112,2021-04-21,48,True
432,374,2023-12-01,22,False
403,186,2020-09-01,19,True
1135,646,2023-09-20,87,True
380,700,2020-03-30,64,False
1242,610,2023-12-12,31,True
1231,54,2024-04-03,1,True
191,134,2020-10-13,66,False
111,101,2022-06-29,105,False
288,228,2024-03-23,34,False
806,511,2023-07-10,63,False
336,408,2022-08-19,71,True
1090,161,2021-05-14,114,False
1048,88,2022-02-14,104,False
539,156,2023-07-09,31,True
1193,82,2021-01-22,76,False
1247,521,2024-05-05,71,True
1432,287,2020-07-19,74,True
1221,562,2022-02-23,84,True
991,4,2021-04-10,84,True
239,384,2022-10-23,78,True
1177,477,2021-08-17,58,True
923,306,2021-09-14,96,False
459,645,2022-01-30,86,False
969,643,2022-07-22,95,True
178,478,2020-09-29,87,True
1139,580,2024-01-23,15,False
744,375,2024-01-16,2,False
842,657,2025-02-23,91,False
1314,685,2021-06-12,81,True
34,137,2020-10-30,36,False
864,312,2021-01-17,118,True
1072,351,2024-01-18,75,False
296,349,2020-08-28,22,True
587,140,2020-06-16,89,True
1311,580,2023-04-05,2,False
314,680,2021-07-15,82,False
1090,299,2022-08-08,30,True
1305,615,2022-10-29,74,True
385,490,2023-07-02,111,True
983,507,2020-04-07,18,True
564,257,2020-05-10,14,False
817,227,2020-12-15,25,True
951,532,2021-07-04,71,False
657,640,2024-03-02,29,True
670,9,2021-03-07,56,False
767,543,2024-03-31,92,False
309,357,2021-08-07,63,True
559,610,2020-06-23,20,False
1158,517,2024-12-10,61,False
543,21,2024-09-23,98,True
1438,405,2022-08-10,74,False
525,447,2020-04-16,79,True
233,419,2021-06-25,38,False
1363,141,2023-12-08,93,True
1477,464,2020-06-12,2,True
1328,298,2025-01-16,9,False
749,68,2022-06-17,95,True
713,114,2021-10-27,57,False
673,482,2020-12-04,110,False
171,665,2023-02-21,20,True
763,660,2021-08-07,88,False
776,392,2021-02-23,21,False
1255,52,2020-12-09,114,True
172,629,2024-04-26,116,False
493,169,2021-03-13,30,False
325,383,2024-03-03,25,False
1074,445,2024-08-07,28,True
927,63,2023-09-12,16,True
1371,127,2021-09-16,87,False
1142,567,2023-02-01,78,False
1080,52,2023-07-29,114,True
510,679,2020-12-03,92,True
473,102,2023-04-14,55,False
1171,345,2023-08-15,69,False
523,588,2022-03-15,10,False
76,330,2023-10-01,71,True
441,57,2024-11-16,62,True
1481,298,2024-10-08,113,False
84,116,2023-07-18,5,False
1053,485,2022-06-22,22,False
608,65,2023-06-08,99,True
1288,82,2023-01-11,98,True
1173,495,2020-04-21,93,True
23,217,2022-07-28,105,True
128,379,2022-11-28,110,True
1182,395,2023-05-08,98,True
637,440,2025-01-16,97,True
20,456,2023-06-12,118,False
539,243,2020-03-13,104,True
824,212,2023-09-06,14,False
381,268,2021-07-07,29,True
1298,153,2024-07-22,33,False
384,588,2023-02-18,120,False
216,384,2022-02-02,31,False
196,43,2023-06-09,100,True
639,31,2024-04-20,77,False
642,189,2022-10-14,93,False
54,407,2021-08-07,53,False
1416,276,2024-11-26,95,True
253,102,2020-09-21,29,True
1276,420,2024-08-25,119,True
904,492,2024-02-25,38,True
1366,642,2020-10-20,110,True
1245,271,2020-10-11,23,True
1041,367,2021-11-13,17,True
76,319,2023-08-25,101,True
479,9,2022-02-20,82,True
795,178,2023-02-19,30,True
652,31,2022-08-11,117,False
901,556,2021-10-11,18,False
1003,201,2021-02-24,40,False
949,206,2022-02-17,94,False
869,689,2022-03-23,41,True
1485,444,2021-02-25,62,False
1268,613,2020-12-08,71,True
693,93,2021-05-10,80,True
922,453,2024-04-24,119,True
956,442,2020-08-05,52,True
878,170,2023-11-14,48,True
939,504,2022-08-02,21,False
653,461,2022-11-16,105,False
542,121,2022-10-14,107,False
431,629,2024-03-27,49,False
68,540,2024-08-25,100,False
91,314,2021-11-23,66,False
11,653,2025-01-04,10,False
181,301,2024-12-21,100,False
1119,471,2020-04-26,25,False
1113,621,2022-07-12,38,False
783,89,2025-01-27,67,True
481,293,2024-03-08,80,True
1459,95,2020-11-29,93,False
965,378,2020-04-22,42,True
1314,214,2022-03-09,115,True
2,627,2020-06-29,26,True
1267,373,2021-12-08,49,True
933,633,2022-01-27,120,False
467,409,2024-03-10,97,False
1086,583,2025-02-25,86,True
198,600,2021-02-19,120,False
335,177,2023-08-06,27,True
540,133,2020-10-03,14,True
1357,182,2024-07-09,117,False
496,278,2023-01-01,114,True
561,268,2020-03-01,35,False
1,469,2021-07-09,114,True
182,75,2024-02-02,109,True
360,328,2023-07-18,76,False
814,464,2023-11-21,111,False
842,101,2020-08-06,16,True
1251,196,2023-10-19,92,False
492,45,2022-05-05,10,True
825,222,2022-07-22,28,False
1212,499,2020-03-15,97,False
976,486,2021-12-08,65,False
1399,505,2020-05-28,92,False
209,173,2022-11-17,57,False
738,116,2024-03-30,120,False
1419,610,2023-11-24,21,False
1494,111,2023-10-10,1,True
1179,420,2020-11-21,78,True
40,279,2022-08-18,11,True
1295,247,2020-04-04,53,False
296,37,2023-05-31,53,False
874,90,2025-02-19,1,True
81,83,2021-06-16,12,False
559,375,2023-06-27,15,True
541,458,2020-05-04,59,True
145,60,2020-07-10,14,True
1493,32,2023-01-30,52,True
6,237,2022-07-28,1,False
1197,485,2021-06-20,29,False
90,399,2024-11-24,15,True
571,336,2023-09-04,48,False
238,594,2021-12-24,47,True
456,131,2023-02-10,21,True
864,443,2024-04-22,109,False
88,617,2022-07-17,115,True
249,490,2020-06-23,82,True
1283,364,2024-11-23,54,False
1227,38,2024-06-08,36,False
906,560,2023-01-08,99,False
1008,122,2021-01-23,34,True
725,75,2023-12-04,23,True
96,286,2022-10-07,111,False
1458,127,2022-05-30,41,True
1121,317,2022-09-05,29,False
676,445,2022-08-15,65,False
1477,562,2020-10-15,98,False
1269,495,2022-03-23,106,False
543,235,2024-08-20,4,True
925,525,2024-10-17,79,True
160,471,2021-04-04,93,False
681,448,2022-11-03,14,False
131,169,2024-10-02,3,False
537,39,2021-09-10,35,True
640,359,2022-03-29,82,False
871,552,2023-02-21,17,False
627,70,2023-01-27,29,True
149,291,2021-05-20,88,False
73,490,2023-06-29,61,True
1149,292,2022-02-03,27,True
1262,378,2024-01-24,107,False
1122,266,2021-11-25,57,False
715,3,2022-03-29,44,False
1024,385,2024-09-15,64,False
547,668,2020-08-27,44,True
168,252,2023-05-31,117,False
983,533,2021-01-02,17,True
875,183,2024-05-13,119,False
1322,576,2024-03-23,35,True
1298,208,2024-07-06,106,False
1356,304,2024-12-12,6,False
1291,93,2020-07-14,61,True
900,371,2022-07-22,62,True
321,150,2021-12-05,71,True
888,113,2024-09-11,26,True
632,187,2020-11-20,3,True
269,560,2020-08-08,62,True
1408,292,2020-03-29,93,True
415,419,2023-07-12,24,False
1285,344,2021-12-27,50,True
1186,354,2021-01-25,20,True
1495,302,2020-03-05,17,True
297,440,2022-10-31,59,False
1443,339,2023-02-23,103,True
1410,53,2020-05-22,67,True
867,694,2024-01-30,104,True
992,357,2023-07-31,77,True
914,669,2021-03-18,28,True
202,448,2022-04-28,4,True
1457,131,2020-03-11,37,True
389,438,2022-05-22,7,True
860,9,2024-07-12,70,True
964,530,2023-10-20,15,False
1456,455,2024-06-16,92,False
1429,537,2024-02-17,36,False
732,364,2021-02-10,102,True
1070,71,2023-11-04,103,True
1347,598,2020-08-28,27,True
1260,619,2024-03-31,84,True
1050,591,2022-03-17,52,True
745,381,2022-01-26,24,True
192,234,2024-11-19,31,False
1059,430,2021-05-25,23,False
1039,355,2021-01-22,3,True
1102,336,2020-08-20,81,True
576,276,2021-09-12,104,False
1338,51,2020-08-09,14,True
161,416,2020-07-18,85,True
303,638,2021-01-25,8,True
99,319,2021-02-22,88,True
214,630,2022-07-11,76,True
1217,397,2024-08-16,89,True
1005,199,2021-04-29,25,True
375,377,2021-02-23,54,False
148,271,2023-05-27,114,True
89,394,2024-11-14,17,True
541,37,2023-02-14,20,False
1181,607,2020-05-06,85,True
1335,300,2025-01-13,88,True
217,508,2024-07-03,106,True
1347,122,2022-07-13,42,True
310,202,2024-02-02,16,True
1102,667,2021-10-17,106,False
185,375,2024-08-01,82,True
942,491,2022-01-08,49,False
1483,694,2023-06-06,46,True
737,255,2022-05-04,97,True
546,169,2023-06-24,41,False
1424,456,2020-03-31,46,False
967,399,2023-09-27,23,False
1186,182,2021-02-11,77,False
1349,109,2020-04-09,67,False
672,171,2023-10-15,67,True
1059,127,2020-06-15,57,True
334,438,2022-01-12,17,False
645,557,2022-02-21,46,True
307,302,2024-07-29,106,True
166,443,2021-06-22,112,False
269,54,2021-05-29,71,True
1481,568,2021-12-08,67,False
1412,673,2024-11-08,55,True
1363,21,2021-07-25,67,False
351,188,2021-09-15,53,False
1248,82,2022-03-11,77,False
26,426,2023-05-02,115,False
1280,264,2021-12-15,18,False
65,377,2024-01-20,43,False
1348,156,2022-11-06,75,False
691,381,2022-12-04,76,True
416,568,2024-05-18,33,True
1187,446,2021-04-23,22,True
1246,524,2024-02-09,45,True
696,382,2020-06-20,81,True
1137,526,2022-12-27,37,False
1173,671,2021-04-11,58,False
1365,245,2022-11-06,67,False
951,224,2020-05-23,50,False
1167,176,2020-09-13,64,False
883,66,2024-10-10,16,True
209,491,2024-09-15,50,True
675,641,2023-12-07,89,False
750,3,2021-06-11,114,False
1450,517,2020-07-18,118,False
118,570,2023-08-20,58,True
1072,655,2023-07-27,37,True
250,13,2023-03-20,56,False
1495,402,2023-11-28,36,False
1351,282,2024-05-16,5,False
872,46,2023-08-10,120,True
120,685,2024-04-17,118,True
1073,453,2024-02-10,27,True
1103,342,2024-10-20,96,False
670,571,2024-06-11,81,True
1312,624,2024-03-01,8,False
1287,243,2021-03-13,66,True
713,689,2021-10-07,29,False
860,340,2020-03-27,4,True
311,300,2024-07-05,91,True
424,27,2022-04-25,61,True
1439,232,2024-06-05,6,False
1318,281,2021-12-12,96,True
478,651,2024-05-17,40,True
966,657,2021-04-08,100,False
485,514,2020-03-01,76,False
1296,428,2020-06-27,7,False
1287,193,2023-06-27,92,False
698,300,2023-10-08,120,False
904,257,2021-12-17,53,True
168,682,2021-04-05,11,True
1146,274,2022-12-31,113,True
1280,597,2023-10-15,7,True
866,642,2024-06-22,82,True
727,531,2024-12-11,64,False
214,263,2024-10-02,51,True
112,144,2023-05-09,41,True
40,13,2023-03-01,80,False
1450,651,2023-11-21,66,False
82,247,2022-10-16,83,False
628,635,2024-06-01,74,True
1487,584,2025-02-19,47,False
7,119,2022-03-20,117,False
945,301,2023-07-24,79,False
41,197,2024-02-10,41,False
521,626,2020-04-22,89,True
643,229,2023-10-28,93,True
649,533,2020-09-16,95,True
390,333,2024-12-23,48,True
369,673,2024-05-10,54,False
15,27,2023-03-14,72,True
1139,673,2020-03-22,58,False
660,639,2020-03-04,102,False
1111,63,2022-01-02,51,False
870,283,2024-08-10,26,True
868,461,2020-10-21,25,False
643,42,2022-09-11,20,False
1119,450,2020-08-17,83,True
798,168,2022-05-05,98,True
1126,303,2021-11-23,66,True
919,470,2024-11-25,116,False
682,326,2024-10-02,107,False
1146,603,2020-03-04,16,True
859,388,2020-11-26,14,False
494,666,2023-02-28,36,False
597,183,2021-11-22,24,True
1188,617,2020-09-30,9,False
403,101,2023-02-27,46,True
1381,585,2020-03-16,57,True
987,111,2020-03-29,82,True
315,654,2023-03-21,6,True
1319,223,2024-09-07,37,True
746,42,2021-12-09,79,False
170,563,2023-04-23,30,True
473,523,2021-10-09,54,True
1124,596,2022-09-22,72,True
1150,630,2024-10-05,93,True
327,558,2022-11-18,118,False
88,57,2024-11-14,105,False
1050,143,2022-08-25,54,True
153,696,2021-09-19,28,True
529,108,2022-12-18,117,True
122,654,2022-12-12,7,True
263,354,2023-07-15,76,True
853,230,2020-09-26,28,False
689,217,2022-06-30,96,False
376,656,2020-09-09,15,True
766,379,2023-11-28,70,True
146,626,2024-07-31,69,True
251,45,2022-09-20,116,True
111,366,2022-01-04,20,False
42,208,2023-12-29,33,False
1496,72,2023-06-21,69,False
628,59,2020-05-23,91,False
431,523,2020-12-26,91,True
1018,364,2024-08-03,46,False
74,341,2021-11-02,98,False
1370,643,2021-09-28,41,False
624,272,2023-03-17,41,True
821,293,2024-03-20,51,False
50,487,2025-01-03,22,True
187,685,2024-07-03,32,False
221,628,2021-02-25,13,False
312,576,2023-06-04,66,False
562,551,2023-03-05,29,False
1002,345,2022-02-13,29,True
613,567,2023-04-08,99,True
1077,101,2021-06-04,7,True
822,133,2022-05-17,30,True
426,146,2023-08-13,80,False
170,608,2021-10-08,95,True
42,10,2023-10-16,17,True
913,628,2020-08-04,2,False
601,457,2022-05-14,27,False
1462,542,2021-09-18,5,True
1115,700,2022-12-11,13,False
542,313,2025-01-09,10,True
956,43,2025-02-06,99,False
322,247,2020-05-02,115,True
1470,555,2022-05-07,104,False
826,416,2020-03-19,56,True
1271,526,2020-09-27,10,False
1048,532,2022-03-18,25,False
1045,656,2025-01-11,99,False
393,283,2022-10-24,82,True
962,444,2024-12-01,98,False
128,252,2025-01-14,56,True
340,615,2024-06-27,11,True
44,357,2020-10-30,87,True
317,477,2024-06-25,9,True
123,600,2022-08-17,99,False
542,417,2022-02-27,41,True
623,649,2021-09-27,107,True
874,363,2022-07-13,18,True
574,219,2022-10-08,8,False
88,395,2023-03-26,112,True
261,357,2024-05-16,94,True
1155,380,2022-10-18,50,True
30,201,2022-02-22,48,True
585,683,2022-10-22,108,True
753,291,2021-09-16,38,False
1272,589,2022-10-31,43,True
1430,556,2023-03-04,41,True
236,168,2020-10-17,3,True
1054,591,2021-06-29,22,True
140,421,2021-06-24,116,True
548,507,2024-11-21,2,True
817,374,2023-07-31,33,True
1074,245,2025-02-09,87,False
271,628,2022-12-29,88,True
1285,429,2021-05-13,104,True
194,486,2025-02-14,85,False
1328,91,2022-01-16,73,False
446,11,2024-06-01,15,False
1313,72,2021-07-08,13,True
93,636,2021-01-11,38,True
1366,339,2020-07-27,53,False
1236,562,2023-11-09,43,False
532,621,2021-06-19,8,False
1268,400,2024-09-25,16,False
1489,54,2023-05-27,35,True
1326,102,2024-11-07,105,True
856,215,2023-02-05,28,False
1356,61,2021-04-22,16,False
817,255,2020-12-28,28,True
471,614,2020-07-08,27,True
973,199,2020-06-28,52,True
1015,590,2024-01-16,70,False
537,656,2022-01-22,69,True
762,556,2023-01-05,116,False
632,666,2020-06-05,35,False
412,124,2020-10-20,110,True
549,65,2021-11-15,64,False
1270,110,2021-09-17,103,False
598,575,2023-02-24,110,False
1309,25,2024-01-29,37,False
1432,312,2020-05-06,94,True
111,118,2022-09-28,99,False
1208,81,2022-08-05,26,True
1000,52,2020-11-14,73,False
955,170,2022-05-12,51,True
226,397,2024-06-27,106,True
139,347,2021-05-16,60,False
863,90,2021-06-01,46,False
591,228,2022-07-12,45,False
1315,111,2021-12-07,29,False
528,614,2020-04-22,31,True
208,394,2021-09-17,103,False
762,144,2023-01-15,73,False
901,664,2022-11-29,21,False
1299,243,2024-06-10,38,False
65,84,2024-08-05,40,True
922,587,2024-11-24,13,True
334,386,2023-04-03,79,False
638,685,2022-12-04,109,True
1039,633,2023-12-05,107,True
800,407,2021-12-06,73,True
557,422,2022-01-09,31,False
582,213,2024-04-22,8,False
559,631,2022-06-06,60,False
1336,639,2021-08-01,64,False
1324,97,2023-07-18,113,False
904,396,2020-03-20,6,False
1000,676,2024-10-10,1,True
186,179,2023-03-17,87,True
45,147,2023-03-04,39,True
142,570,2020-07-13,105,True
75,16,2021-04-22,79,True
1492,658,2023-07-01,47,True
438,320,2021-06-29,29,False
694,628,2023-05-05,95,False
917,13,2025-02-22,23,True
1317,417,2021-01-31,24,True
786,340,2022-05-31,107,False
871,474,2022-03-05,90,False
130,286,2022-11-06,91,False
1050,381,2022-01-02,58,False
1182,308,2025-01-05,44,True
1062,558,2023-03-22,99,True
655,49,2022-11-11,114,True
417,642,2023-08-14,93,False
954,531,2021-03-09,6,True
339,477,2024-02-09,113,True
744,353,2021-07-12,69,False
1192,483,2020-04-11,58,True
1269,528,2024-02-29,105,False
309,347,2020-09-04,53,True
1372,493,2022-04-04,39,False
1105,677,2023-11-09,49,True
1188,515,2024-04-14,36,True
744,324,2024-11-22,27,False
370,516,2024-06-08,48,True
1164,246,2021-11-19,86,True
440,313,2024-03-09,104,True
503,408,2021-10-20,6,False
1365,205,2023-06-18,83,False
945,82,2022-01-09,44,True
797,76,2020-07-24,32,True
785,277,2020-12-20,77,True
105,188,2023-02-02,66,True
1010,203,2021-09-17,25,True
1451,54,2024-03-01,37,True
596,505,2024-04-06,78,False
181,433,2021-11-11,15,True
465,418,2024-02-19,48,True
1106,640,2022-07-24,26,True
467,684,2024-10-06,42,False
654,460,2020-12-11,117,False
601,379,2021-03-13,107,True
722,668,2024-09-03,83,False
550,176,2022-09-17,29,False
925,187,2022-06-29,4,False
481,584,2024-10-19,28,False
676,214,2024-05-11,3,True
1260,649,2024-09-10,48,True
1184,285,2025-01-31,50,False
1073,475,2020-04-18,89,True
493,632,2023-03-12,45,True
499,695,2021-06-06,113,False
549,217,2025-01-14,26,False
806,363,2021-01-04,119,True
1250,253,2024-10-08,22,True
1238,400,2022-07-27,56,False
1326,185,2022-08-13,13,False
349,321,2020-07-30,87,False
1131,349,2024-12-29,58,False
432,306,2020-05-06,59,False
1147,362,2020-09-02,1,True
1043,672,2021-07-31,55,True
80,321,2023-01-23,86,False
311,426,2022-11-20,84,False
299,516,2024-07-16,116,False
810,82,2024-01-15,42,False
657,308,2024-06-30,30,True
43,362,2021-06-13,11,True
879,374,2022-11-28,54,False
1290,450,2024-02-05,32,True
343,396,2021-11-05,43,False
1372,579,2021-01-30,77,True
431,109,2021-12-15,108,True
1255,663,2020-05-05,80,True
248,365,2021-09-04,23,True
19,675,2021-06-26,3,False
172,435,2020-06-01,102,False
1297,363,2022-02-14,19,True
607,239,2024-01-02,9,False
773,348,2022-03-30,96,False
599,637,2023-02-05,79,True
860,299,2022-09-19,88,False
810,191,2020-07-05,35,True
1439,122,2023-04-06,38,True
680,446,2022-02-18,2,True
517,77,2021-11-11,9,False
880,187,2022-04-21,46,False
571,105,2020-02-26,20,True
1382,618,2020-12-20,36,True
17,348,2023-09-15,87,False
435,283,2022-07-08,8,True
1215,313,2024-01-25,53,False
585,539,2024-10-09,3,False
218,91,2023-03-24,39,False
936,378,2020-09-01,104,True
455,607,2023-09-11,43,True
732,657,2020-06-02,59,False
877,17,2022-02-05,54,False
1029,27,2021-11-02,109,True
191,190,2024-05-26,33,False
1341,367,2020-09-27,26,True
997,158,2024-09-17,95,True
1202,585,2023-05-23,113,False
688,150,2023-02-26,9,False
914,176,2024-06-15,118,True
203,265,2022-11-14,72,False
1291,346,2020-10-03,47,False
1167,426,2020-05-01,65,False
242,194,2021-04-06,71,True
1079,561,2020-09-29,72,False
688,395,2022-08-11,116,True
1136,322,2023-07-24,99,False
1234,131,2022-11-24,7,True
1091,654,2022-05-14,98,True
703,137,2024-09-22,98,False
773,683,2021-01-18,62,False
781,443,2024-12-12,61,True
1328,104,2021-11-25,48,False
256,478,2021-08-17,13,False
952,629,2021-07-28,104,False
1142,329,2020-05-04,11,True
955,408,2023-06-26,92,False
246,384,2020-09-21,115,True
53,218,2023-02-26,43,True
1040,226,2021-08-09,97,False
1078,420,2022-11-05,4,False
969,540,2020-05-28,35,False
1204,427,2020-10-30,34,True
252,244,2020-10-28,47,True
1345,495,2023-11-16,88,True
45,661,2024-04-03,49,True
178,615,2024-06-29,20,True
312,292,2023-12-01,41,True
901,391,2024-12-13,24,False
1089,414,2022-10-27,35,False
1177,699,2020-04-30,76,True
711,601,2022-09-11,87,False
202,653,2024-02-13,109,False
987,277,2020-06-03,32,False
106,146,2020-04-01,11,False
128,174,2023-07-23,3,False
452,275,2021-09-17,67,True
347,229,2021-05-07,40,False
400,272,2022-11-23,120,True
750,167,2020-07-12,13,True
1143,432,2020-10-19,62,False
195,658,2023-12-30,57,True
520,311,2024-05-08,66,False
1267,9,2022-12-26,101,False
137,251,2020-10-24,72,False
683,403,2024-02-09,67,False
740,568,2022-07-20,49,True
881,164,2024-10-19,119,False
1031,281,2020-06-20,100,True
1129,523,2021-08-31,115,True
1492,238,2021-11-05,89,True
1335,258,2024-12-09,37,True
1481,535,2022-01-12,90,False
1059,116,2023-08-19,109,True
438,653,2020-04-19,66,False
932,225,2022-10-10,76,False
1228,395,2022-07-16,4,True
1079,428,2024-04-11,93,True
1343,499,2020-04-21,68,True
595,587,2024-02-06,75,True
448,214,2020-04-25,21,False
402,106,2023-09-21,23,False
1323,106,2023-11-02,100,False
897,436,2020-08-03,77,True
1373,417,2023-03-16,111,False
1361,124,2024-05-06,119,True
1181,20,2023-05-22,115,False
1366,58,2022-11-19,67,False
528,157,2021-03-29,36,True
246,152,2024-03-04,100,True
987,197,2021-11-26,12,False
600,153,2025-01-24,12,True
732,528,2024-11-22,69,False
105,416,2022-04-01,42,False
108,186,2020-10-02,87,False
547,376,2020-12-18,20,True
1194,541,2021-07-05,16,False
1057,120,2022-12-02,71,False
606,550,2024-06-08,7,False
1405,12,2021-07-03,7,False
190,442,2021-05-03,65,False
32,326,2020-11-17,18,True
681,262,2024-07-15,16,True
929,229,2024-09-16,58,True
110,542,2023-12-21,107,True
373,365,2020-03-23,58,False
798,321,2021-02-01,83,False
1309,260,2023-10-29,68,True
883,203,2021-06-24,112,False
606,405,2022-08-18,66,True
334,244,2022-04-27,38,True
1001,24,2022-06-09,24,False
1325,449,2023-01-29,93,True
1345,440,2020-10-02,6,True
1031,548,2023-07-09,98,True
482,537,2023-08-27,110,True
596,324,2020-11-07,80,True
1236,506,2021-12-25,2,False
1290,539,2024-04-22,19,False
1130,84,2020-04-11,38,False
579,97,2022-03-24,10,True
815,269,2022-05-18,73,False
513,641,2020-05-27,109,False
1339,559,2024-10-03,75,False
1374,43,2022-07-19,77,False
1472,311,2024-03-11,74,False
661,266,2024-08-01,48,True
113,22,2022-11-26,84,True
1002,249,2022-01-24,48,True
189,339,2021-03-10,84,True
567,541,2022-11-09,37,True
1194,699,2020-07-12,85,True
626,576,2021-05-02,75,False
1076,232,2024-01-10,106,True
1257,4,2022-08-19,75,True
948,117,2022-03-19,58,True
259,616,2024-12-10,4,True
1492,528,2022-03-24,5,True
459,250,2021-02-19,109,True
977,534,2024-12-08,2,True
179,582,2021-01-05,103,True
611,524,2023-05-22,71,True
949,501,2023-02-24,107,True
715,435,2022-07-06,118,False
145,640,2022-10-31,113,False
1239,666,2022-07-18,44,False
834,563,2024-09-29,24,True
1491,1,2020-05-09,53,True
1098,555,2023-08-23,39,True
407,558,2021-04-19,64,False
427,694,2020-08-14,47,False
773,157,2025-01-26,26,False
626,397,2022-11-04,58,False
449,554,2021-04-08,27,False
1020,609,2024-05-11,17,False
970,295,2022-12-30,5,False
918,597,2024-05-29,25,False
790,6,2023-07-07,103,True
1146,556,2020-08-28,48,False
1427,145,2023-12-22,76,True
83,131,2021-06-27,114,False
808,67,2023-03-01,38,True
300,131,2020-09-01,106,False
1146,8,2021-10-08,33,False
1161,369,2021-10-08,95,True
235,4,2022-01-08,47,False
1194,404,2020-05-02,104,False
274,532,2021-06-01,62,False
160,543,2020-07-30,120,False
797,474,2023-09-15,101,False
1482,221,2024-10-21,23,True
794,172,2021-09-24,28,True
862,363,2021-05-13,83,False
379,259,2020-04-07,111,False
528,697,2022-11-19,25,True
906,456,2021-12-23,106,False
535,186,2024-06-29,11,False
1224,341,2022-07-22,105,True
630,690,2023-01-07,58,False
1453,478,2021-07-12,86,False
577,316,2024-11-17,84,True
708,56,2021-02-06,90,False
1265,691,2021-11-28,43,False
402,148,2022-04-13,56,False
266,358,2025-01-10,100,True
1139,482,2024-02-20,92,True
879,618,2024-07-12,89,False
530,263,2022-11-06,22,False
1225,570,2023-12-15,62,False
485,340,2022-11-12,63,False
786,66,2021-06-05,14,True
1086,267,2022-01-20,41,True
1454,194,2021-05-20,114,True
273,619,2023-05-12,86,True
481,25,2023-05-10,27,False
275,27,2020-11-18,78,False
849,161,2020-06-05,45,True
720,510,2021-12-08,120,False
1300,146,2024-10-30,15,False
1164,491,2021-06-23,34,True
129,49,2021-02-10,55,False
572,400,2021-03-01,60,False
480,450,2024-08-12,107,False
72,480,2023-08-31,50,True
888,630,2021-08-16,38,True
127,137,2020-03-20,20,True
1333,354,2022-11-14,101,False
257,641,2020-07-08,30,False
254,386,2021-03-30,91,False
1154,460,2023-04-26,74,False
984,650,2022-11-13,33,True
235,572,2020-09-17,8,False
838,534,2022-03-19,15,True
40,71,2020-07-20,115,True
479,335,2024-12-12,50,True
539,614,2025-02-21,112,False
1493,617,2023-06-28,22,True
817,121,2021-08-14,16,False
942,498,2022-09-06,101,False
918,479,2021-09-07,27,True
456,655,2023-08-14,28,False
1469,97,2022-08-17,14,False
94,150,2024-05-22,105,False
276,579,2024-05-01,93,True
682,359,2020-04-17,74,False
497,159,2024-03-11,100,False
1125,496,2020-04-29,9,False
1339,511,2022-01-05,41,True
377,275,2022-08-20,65,True
1229,604,2023-01-10,15,True
77,410,2023-05-14,86,True
1387,346,2021-08-21,44,True
1076,216,2020-10-07,59,False
727,186,2023-03-07,93,True
395,357,2023-03-18,49,False
711,84,2022-12-18,94,False
252,579,2021-04-25,19,False
1318,338,2024-04-11,100,False
194,3,2022-05-01,54,False
730,527,2021-06-16,46,True
563,390,2021-02-01,19,False
1420,546,2023-07-20,7,False
232,598,2024-12-30,99,True
141,115,2021-01-11,98,False
1033,572,2025-02-13,1,True
1030,120,2023-03-10,23,False
1199,363,2024-04-11,35,True
737,52,2023-03-05,35,True
616,302,2024-12-23,18,False
1371,129,2022-09-29,3,False
1012,93,2021-02-16,93,False
1102,579,2024-12-25,119,True
1041,46,2020-04-13,33,False
934,602,2022-04-15,47,True
609,240,2022-11-24,109,True
111,386,2022-05-26,51,False
829,42,2025-01-14,36,False
310,237,2020-07-27,54,True
448,546,2023-11-07,21,True
76,381,2022-11-23,2,True
723,549,2022-09-18,8,True
1144,639,2024-05-18,34,False
1125,200,2024-08-17,115,True
686,237,2021-05-26,61,False
37,603,2021-05-27,68,False
865,517,2022-09-17,15,False
568,536,2020-08-18,103,False
572,680,2024-06-03,56,False
641,583,2024-08-07,99,True
746,165,2023-06-12,120,True
1070,374,2023-10-16,62,True
334,126,2023-08-01,83,True
329,683,2020-10-12,63,True
241,103,2021-01-26,74,True
1324,654,2024-08-23,29,False
912,244,2023-12-06,63,True
1223,238,2020-08-22,116,True
760,697,2020-04-07,5,True
1248,178,2023-11-18,21,False
1351,98,2022-06-12,119,False
966,662,2024-11-13,93,True
461,123,2020-04-05,2,False
414,507,2020-04-07,16,True
1213,542,2023-09-09,19,True
644,254,2020-12-05,85,True
937,693,2024-11-01,114,False
688,225,2020-06-27,10,True
1082,283,2021-06-15,107,False
1218,259,2020-06-05,32,True
170,374,2021-10-07,96,True
165,415,2021-02-16,56,False
1407,260,2023-05-01,94,False
693,12,2023-04-19,82,False
1380,264,2023-10-30,24,True
978,530,2024-02-08,64,True
57,51,2024-01-30,45,False
729,176,2022-11-06,103,False
1017,377,2021-09-24,119,True
779,291,2021-02-17,78,True
1138,620,2023-08-25,51,False
1143,80,2021-10-25,2,False
1341,235,2023-04-12,2,True
985,697,2021-06-28,22,True
1145,175,2022-05-03,98,False
1413,353,2022-07-15,32,False
467,556,2022-09-18,21,True
1060,111,2023-03-06,4,False
587,140,2020-05-25,80,False
1365,239,2023-12-26,23,True
541,477,2023-11-06,38,True
1487,336,2022-11-26,33,False
238,5,2022-10-05,79,False
761,529,2024-01-14,61,False
1363,446,2024-08-23,84,False
1175,406,2024-07-05,104,True
1148,458,2025-01-23,115,True
1251,604,2020-12-24,80,True
752,275,2022-11-05,90,True
927,435,2023-04-24,115,True
1233,217,2022-03-16,11,False
1298,481,2024-09-15,5,False
916,134,2025-02-16,101,True
1353,36,2024-02-13,86,False
882,595,2024-04-30,38,True
871,191,2023-03-28,5,True
230,363,2021-02-25,110,True
675,478,2022-10-08,26,True
640,193,2021-04-15,4,False
1243,406,2022-11-13,15,False
39,372,2024-05-28,4,False
1397,28,2020-05-01,32,False
190,530,2024-05-19,106,True
1046,411,2022-09-01,6,False
1372,19,2021-05-21,3,True
1167,570,2021-07-02,18,True
1344,146,2021-02-14,70,True
298,569,2021-07-11,82,True
23,415,2020-02-29,41,False
789,308,2021-10-14,22,False
653,543,2024-02-22,9,False
328,242,2021-12-20,73,False
209,150,2023-09-02,38,True
1359,132,2020-04-03,83,True
896,104,2020-03-31,52,False
486,250,2021-01-20,51,False
90,377,2022-09-21,25,False
522,325,2022-11-22,22,False
1258,670,2021-09-27,3,False
599,70,2022-03-18,29,True
418,461,2021-08-28,12,False
496,377,2022-03-25,110,False
1220,348,2021-04-08,30,False
1497,346,2021-01-30,84,False
1238,130,2022-08-09,71,True
1473,330,2021-04-16,90,True
653,319,2020-06-10,61,True
782,375,2022-05-26,25,True
1172,243,2021-01-03,26,False
776,348,2024-04-19,19,True
491,327,2021-12-16,110,False
832,90,2025-01-09,19,True
736,645,2022-12-11,40,True
1179,103,2022-01-08,106,True
276,161,2024-07-01,48,False
868,32,2022-08-20,7,True
121,116,2021-10-15,38,False
628,496,2020-04-12,72,True
877,282,2024-04-07,111,True
946,267,2020-10-02,66,True
1378,413,2024-06-30,18,True
300,583,2022-09-26,85,False
1433,100,2023-08-24,72,True
1034,404,2023-10-27,26,False
1229,76,2020-04-02,19,False
898,6,2020-05-15,36,True
200,656,2022-03-24,19,False
66,134,2022-12-18,82,True
585,57,2021-02-02,80,True
1472,289,2022-06-11,102,True
190,271,2020-08-01,12,False
212,24,2021-12-04,91,True
1233,94,2022-01-04,102,False
583,56,2022-02-17,22,True
557,558,2020-12-23,94,True
850,258,2022-04-03,23,True
636,570,2024-12-29,71,False
399,214,2021-10-24,86,True
42,694,2023-05-25,8,True
890,526,2020-06-15,28,False
115,31,2023-03-07,59,True
551,580,2024-03-06,43,True
1099,673,2021-05-31,15,True
240,250,2020-08-07,115,False
179,88,2023-12-27,106,False
82,413,2021-11-12,40,False
727,390,2020-11-27,96,False
194,199,2020-10-03,79,False
148,82,2023-03-24,7,False
811,648,2023-08-31,100,False
931,232,2024-04-26,38,True
1288,246,2023-08-30,55,True
1386,538,2021-08-23,34,True
822,97,2022-03-06,36,False
557,446,2024-06-06,99,True
104,526,2023-10-16,13,True
1035,297,2023-03-17,52,False
15,210,2024-09-04,119,True
49,463,2021-04-13,63,True
832,93,2023-08-07,43,False
1119,275,2022-02-22,79,True
1390,250,2020-05-17,15,False
908,415,2020-12-21,68,False
827,233,2023-05-11,101,True
597,560,2020-10-24,115,False
1343,214,2024-06-09,88,True
148,537,2020-08-19,119,False
639,341,2021-10-04,109,True
1422,166,2020-06-11,47,True
1152,275,2021-12-25,29,True
312,579,2024-08-10,48,False
472,124,2023-11-17,30,True
491,383,2025-02-03,23,False
923,177,2022-06-27,82,True
1179,20,2021-06-29,2,False
913,190,2023-07-16,66,True
665,174,2021-12-13,108,False
527,187,2022-07-23,113,True
491,683,2020-03-20,98,True
1332,89,2023-03-02,27,True
928,495,2022-08-30,27,False
286,124,2024-05-06,57,False
1484,593,2023-03-13,59,False
105,618,2023-04-28,79,False
747,170,2020-10-09,106,True
62,337,2022-12-25,74,False
1228,541,2023-07-29,88,False
1373,376,2024-07-29,41,False
332,488,2022-01-24,93,True
8,356,2021-06-26,67,True
842,239,2021-09-30,93,True
1037,78,2025-01-26,82,True
365,536,2020-10-07,16,False
1173,334,2024-10-22,59,True
885,458,2020-09-21,103,False
1364,530,2021-07-16,62,False
825,37,2024-06-18,44,True
1470,139,2020-03-18,83,False
1160,507,2020-09-24,111,True
1026,564,2024-12-11,19,False
879,205,2020-11-14,45,False
1439,621,2024-02-20,28,True
147,61,2024-02-24,80,False
719,397,2020-05-25,42,False
796,559,2020-10-31,2,True
1019,546,2025-01-17,18,True
866,519,2024-08-17,70,False
169,363,2021-09-28,45,True
1204,402,2024-04-19,43,False
1358,572,2024-02-03,10,False
1323,625,2021-02-19,15,False
309,200,2024-01-14,15,False
1435,27,2023-01-05,34,True
677,253,2023-08-05,45,False
1064,103,2024-05-17,25,False
90,186,2024-07-25,55,True
116,18,2022-12-15,111,False
1127,171,2024-12-03,7,True
707,462,2023-11-16,38,False
134,541,2023-07-12,14,False
847,607,2023-11-14,85,False
1393,653,2021-03-13,6,False
133,308,2021-06-20,10,False
1029,56,2020-11-01,106,False
856,360,2023-12-26,59,True
159,100,2024-04-25,71,False
304,516,2022-07-23,91,False
420,340,2022-05-08,80,False
1269,682,2022-10-17,111,True
397,384,2021-01-27,49,False
225,72,2023-02-03,54,False
8,505,2023-05-14,104,False
1322,534,2023-03-20,106,False
59,233,2023-12-24,15,True
766,619,2022-08-02,87,False
499,183,2021-12-22,120,False
1434,13,2024-03-31,65,False
1069,28,2023-01-04,34,True
774,463,2024-08-23,19,False
1201,426,2021-09-18,50,True
612,607,2022-08-24,105,False
936,276,2024-09-07,49,True
669,632,2020-10-15,57,False
1161,132,2021-12-27,33,False
1331,334,2021-05-22,68,False
121,215,2024-09-25,97,False
292,419,2021-02-21,18,True
350,59,2024-06-15,37,True
969,564,2020-04-09,40,False
493,483,2020-12-16,15,True
58,237,2021-09-10,12,False
468,628,2023-04-08,12,True
118,267,2023-02-22,5,True
829,205,2024-06-03,101,False
805,227,2022-06-22,10,False
1033,426,2022-06-28,101,True
627,371,2022-11-06,11,True
329,639,2023-12-17,28,True
179,251,2021-10-05,105,False
215,572,2022-11-30,88,True
584,566,2021-07-25,85,True
74,524,2023-06-23,49,True
978,63,2022-05-25,113,True
315,441,2020-06-13,64,False
38,452,2023-12-16,78,False
129,284,2021-01-26,99,True
1069,184,2022-09-29,34,True
180,316,2025-01-03,36,False
1091,189,2020-11-12,88,True
549,20,2021-11-01,11,True
1349,504,2021-01-25,79,False
1221,522,2020-07-03,2,True
1306,424,2022-05-28,45,False
460,259,2023-10-28,99,False
1166,358,2023-04-25,89,False
791,335,2021-05-15,10,True
1248,448,2024-05-23,7,True
442,97,2022-10-19,29,True
185,30,2020-08-16,63,True
462,175,2022-05-20,37,False
274,466,2023-03-07,89,True
301,655,2023-10-29,17,False
824,235,2022-04-16,106,False
1081,269,2022-11-19,11,False
1158,517,2022-07-14,56,True
645,6,2021-12-12,19,False
9,105,2020-09-21,34,False
1076,626,2021-08-31,59,False
445,360,2025-01-16,27,False
1428,528,2020-08-18,55,False
883,616,2022-03-05,54,True
909,643,2024-08-23,6,True
970,479,2021-08-27,99,False
1170,80,2023-09-30,12,True
925,171,2022-11-13,100,False
1077,220,2020-12-30,41,True
1459,426,2021-06-15,62,True
216,27,2025-02-22,31,False
960,341,2022-04-29,119,False
755,544,2023-12-27,97,False
1368,640,2021-09-24,92,False
1206,281,2025-01-10,52,False
1425,215,2025-02-07,119,False
381,178,2021-04-09,14,False
869,411,2023-08-08,104,False
738,571,2022-01-22,110,True
958,89,2021-10-24,77,True
837,287,2023-12-23,43,False
1462,56,2020-06-06,6,True
570,407,2020-06-09,20,False
1358,391,2023-02-13,49,True
737,75,2021-03-08,9,False
934,154,2020-09-28,41,False
1056,455,2022-01-04,104,False
1484,395,2020-11-10,16,True
888,688,2021-09-21,120,False
460,75,2021-05-23,37,True
1419,4,2021-06-25,5,True
477,484,2023-11-24,106,False
977,219,2023-11-02,56,True
755,88,2020-12-29,57,True
480,398,2023-02-20,37,False
691,624,2024-11-09,119,True
499,435,2022-04-26,33,False
1488,604,2021-06-09,70,False
166,129,2023-02-08,39,False
141,169,2020-11-14,96,False
710,617,2020-11-22,41,False
1221,191,2024-10-03,117,True
139,534,2024-03-08,103,True
231,275,2022-09-02,104,True
766,393,2021-09-11,5,True
737,100,2021-06-28,94,True
967,209,2022-03-08,32,True
1028,264,2021-03-05,84,False
45,442,2024-12-01,9,False
1318,18,2022-12-12,36,False
630,526,2024-06-20,62,False
427,604,2021-12-27,6,True
332,61,2020-11-23,65,True
531,59,2021-12-31,94,False
571,413,2021-08-11,49,False
371,313,2024-04-04,73,False
147,556,2023-02-19,22,False
662,303,2024-04-30,89,True
87,478,2020-05-17,92,True
617,645,2021-11-07,11,False
625,512,2022-08-19,82,True
749,473,2020-05-25,36,False
543,471,2023-12-01,22,True
890,402,2021-02-24,11,True
942,412,2024-09-15,10,False
1012,16,2020-12-12,115,True
914,625,2022-06-06,88,False
1315,64,2024-09-13,33,False
147,101,2023-04-18,14,False
345,274,2022-10-11,102,False
1393,565,2022-02-06,118,True
524,681,2023-07-28,54,False
492,281,2021-05-21,118,False
167,640,2023-11-23,107,True
513,36,2022-06-03,1,True
1483,144,2024-07-31,7,True
1185,515,2021-01-20,75,False
734,316,2024-12-04,104,True
943,180,2024-02-08,52,False
1413,233,2021-10-06,10,True
1172,212,2021-02-20,37,True
519,467,2024-03-23,22,True
149,481,2024-11-10,33,False
1298,672,2022-10-29,120,False
124,149,2021-04-19,95,False
968,69,2024-03-24,40,True
822,154,2023-10-30,4,False
1287,208,2022-08-17,9,False
1382,568,2021-07-14,49,False
1131,616,2024-06-23,111,False
198,259,2022-04-22,32,False
845,645,2023-06-22,83,True
5,591,2024-10-30,108,False
924,550,2022-11-07,1,True
61,68,2021-03-18,101,True
413,41,2021-06-15,25,False
1258,15,2023-07-31,23,False
985,345,2020-09-17,12,True
1457,573,2024-04-19,83,True
1199,671,2023-02-24,28,True
253,687,2024-09-29,45,False
48,325,2023-07-19,104,False
348,419,2021-06-01,73,False
1210,383,2023-12-26,13,False
671,211,2022-07-25,78,False
602,461,2021-07-09,54,True
1183,274,2020-07-30,12,False
1064,394,2020-08-08,29,True
1183,378,2022-01-23,107,True
503,350,2021-03-03,64,True
833,185,2023-06-28,85,True
548,561,2021-03-09,98,True
488,590,2020-07-03,113,True
1201,684,2021-04-29,34,True
1063,493,2024-07-04,17,False
856,330,2020-11-06,9,True
616,36,2021-01-27,21,True
37,511,2021-01-20,84,True
241,647,2021-01-06,4,False
1370,374,2024-04-27,22,False
985,501,2020-06-09,52,False
877,246,2022-09-15,74,True
949,75,2020-04-29,4,False
1390,253,2022-08-14,33,True
69,408,2024-05-17,17,False
1428,258,2024-10-12,64,True
411,88,2024-02-23,62,False
166,695,2022-02-10,13,False
903,650,2024-03-15,67,True
625,264,2022-09-12,70,True
670,445,2024-06-29,36,True
817,303,2020-07-28,108,True
1263,686,2023-05-01,55,False
725,614,2021-04-22,14,False
233,685,2021-02-26,10,False
177,251,2024-02-03,14,False
1472,527,2020-03-08,99,False
1423,76,2021-03-30,118,False
684,115,2020-07-19,34,False
369,253,2024-05-27,120,True
1499,119,2022-03-18,100,True
1010,117,2024-12-16,108,True
304,479,2024-04-05,51,False
758,137,2020-08-18,93,False
1031,369,2020-10-31,32,True
912,303,2023-09-11,93,False
95,98,2022-02-01,89,False
1454,195,2021-03-19,52,False
1364,260,2023-10-02,104,False
1497,440,2021-04-03,73,True
332,281,2025-01-28,81,False
820,430,2022-11-02,97,False
1285,364,2024-07-12,6,True
1177,577,2020-09-16,59,True
1037,588,2020-08-04,30,True
256,616,2023-12-29,34,False
1338,129,2024-03-23,31,False
338,264,2021-02-07,68,True
979,660,2025-02-06,13,False
466,96,2023-07-09,39,True
1164,65,2024-05-15,68,False
154,399,2023-11-06,66,False
318,115,2024-04-27,118,True
619,235,2022-05-01,73,True
1300,535,2020-09-18,15,False
1242,687,2023-07-30,60,True
310,275,2023-06-05,118,True
1404,115,2020-08-01,79,True
658,606,2023-08-07,111,False
382,587,2022-06-02,117,False
1119,610,2024-10-25,37,False
1015,131,2023-01-12,76,False
346,415,2024-10-29,3,False
222,531,2024-08-09,64,True
1221,454,2024-10-02,110,False
278,566,2022-08-05,120,False
133,202,2022-10-22,17,True
1154,476,2022-05-31,15,True
904,655,2021-04-24,28,False
1237,327,2022-08-05,119,True
1399,264,2023-01-21,31,False
1145,304,2020-08-24,78,False
1360,180,2022-06-21,94,False
954,592,2024-06-19,12,True
640,365,2024-07-02,109,True
1184,290,2023-08-04,106,True
295,396,2022-08-19,10,False
979,389,2023-03-01,34,False
838,548,2022-01-16,111,False
1271,313,2024-06-03,51,False
905,399,2023-10-01,60,False
1485,252,2024-11-27,35,True
723,545,2022-08-24,19,True
1250,669,2022-11-04,103,False
101,309,2021-01-21,82,False
1066,214,2021-08-13,24,True
948,217,2023-09-13,88,False
1195,292,2022-12-16,64,True
629,679,2021-08-30,46,False
491,652,2024-05-08,40,True
225,49,2023-09-09,74,False
1464,426,2023-09-27,84,False
909,586,2023-12-08,78,True
931,197,2022-03-04,61,True
1422,455,2021-01-28,96,False
410,280,2023-01-26,65,False
710,41,2023-04-16,3,True
1157,525,2021-08-13,7,False
672,347,2022-11-03,73,True
587,181,2022-06-13,93,True
1398,393,2020-12-07,106,False
171,444,2024-02-13,26,False
1008,509,2024-09-26,20,True
1072,595,2021-12-18,60,True
1327,520,2021-09-15,70,True
839,82,2020-11-27,56,False
768,687,2020-10-27,51,True
1240,560,2021-06-10,102,True
146,405,2023-05-21,11,True
1226,591,2024-09-26,44,True
568,139,2021-01-30,90,False
1332,546,2024-11-08,95,True
70,550,2023-08-30,32,True
113,31,2024-07-21,62,False
494,495,2023-04-21,111,True
582,172,2020-05-10,21,False
821,609,2023-06-24,107,True
1497,249,2021-12-23,56,True
801,281,2022-09-09,36,True
471,133,2022-12-04,105,False
1114,535,2024-08-21,44,False
992,262,2023-01-20,87,True
782,148,2023-09-12,63,False
918,212,2024-05-02,3,True
414,439,2024-04-11,6,True
211,434,2020-09-09,47,True
1053,461,2020-03-01,113,False
707,79,2022-08-11,64,True
1182,620,2023-04-12,91,True
1316,37,2023-05-10,97,False
147,689,2024-06-12,63,False
176,523,2024-11-14,71,False
516,609,2021-09-18,33,False
1467,182,2023-11-06,28,True
1057,125,2022-03-01,9,False
116,668,2022-09-23,117,False
497,100,2021-08-27,105,True
1441,689,2022-09-27,76,False
718,426,2021-09-15,96,True
360,412,2021-11-27,105,False
34,275,2023-03-19,45,False
1209,574,2021-09-22,58,False
435,303,2024-08-31,67,False
684,258,2024-07-29,60,True
271,214,2024-03-10,115,True
394,30,2020-04-01,97,False
1253,230,2020-04-17,71,False
75,368,2022-12-23,55,False
883,527,2021-04-22,8,True
39,208,2023-02-15,33,False
1382,180,2020-11-07,103,True
501,91,2021-12-08,18,True
899,562,2023-07-05,8,True
22,574,2021-09-13,72,False
1451,63,2024-03-15,26,False
565,319,2021-08-25,67,True
1488,476,2022-12-09,116,False
399,514,2024-09-11,90,True
595,358,2023-08-01,25,False
665,228,2021-02-24,41,False
1130,325,2024-06-18,91,False
1364,514,2021-09-19,87,True
1113,589,2020-12-28,2,False
90,328,2020-09-15,21,False
1042,422,2022-05-04,53,False
781,377,2020-03-29,53,False
49,409,2024-10-26,1,True
1162,216,2022-06-23,4,True
959,317,2024-06-02,113,True
61,646,2024-02-16,94,False
1314,229,2022-05-09,79,True
550,615,2021-06-21,36,False
114,240,2023-08-31,13,True
1318,253,2021-02-13,67,True
971,678,2023-02-07,103,False
557,171,2022-10-21,71,False
351,541,2024-02-17,106,False
179,450,2021-02-22,81,False
744,439,2021-08-08,43,False
679,551,2020-09-26,67,False
840,602,2023-05-07,89,True
1118,85,2021-03-21,50,False
533,445,2024-03-03,31,False
1051,62,2023-05-03,46,True
525,336,2024-01-08,58,False
187,450,2021-10-13,6,False
1315,295,2022-03-16,74,False
310,667,2021-09-19,64,False
175,395,2020-06-07,45,False
504,143,2020-05-12,95,True
1297,675,2023-09-22,52,False
520,180,2020-12-17,55,False
145,595,2021-02-10,88,False
883,143,2022-01-19,13,True
806,426,2023-11-07,115,True
643,2,2024-11-11,41,False
5,340,2023-02-03,74,True
974,516,2021-06-23,82,False
837,418,2024-02-23,81,True
613,186,2022-07-26,71,True
415,144,2024-09-28,27,True
731,448,2020-03-27,21,False
1453,217,2021-08-03,61,True
179,583,2021-10-21,11,True
11,411,2022-02-12,1,False
724,306,2023-03-16,105,True
1237,444,2021-07-07,100,True
420,668,2022-03-12,92,True
134,81,2022-11-13,27,False
1114,176,2024-07-18,54,False
681,87,2022-04-24,18,False
1134,198,2023-05-01,112,False
1042,73,2023-11-02,83,False
978,103,2022-02-26,40,False
480,623,2024-11-26,61,True
1246,14,2021-12-23,26,False
1381,357,2024-07-17,103,True
1283,583,2022-10-09,59,True
1221,413,2023-06-25,43,True
172,476,2020-09-06,61,True
996,245,2023-12-26,28,True
347,597,2022-08-10,91,False
1329,429,2025-02-10,110,True
227,250,2020-10-02,13,True
467,391,2023-07-01,45,False
316,461,2024-08-05,66,True
1143,81,2021-03-16,54,False
729,233,2022-11-06,61,False
892,113,2022-12-07,33,True
1143,57,2022-11-26,12,True
1003,310,2023-11-10,24,False
1097,512,2021-01-07,11,True
845,509,2021-10-19,13,False
1456,134,2023-10-19,22,False
751,307,2020-08-03,13,True
1200,326,2022-10-18,105,False
642,420,2024-03-03,65,False
1464,305,2022-11-26,19,True
839,386,2021-02-21,57,True
372,275,2020-03-18,79,False
548,240,2022-08-15,39,False
542,151,2021-09-21,4,False
35,586,2022-06-09,63,False
1431,695,2021-04-26,66,True
1075,578,2022-11-17,26,True
1414,312,2024-11-19,21,True
179,139,2022-05-13,84,True
1286,427,2023-07-02,21,True
1118,156,2023-05-03,65,False
916,500,2024-07-23,70,False
414,127,2025-02-04,29,False
28,237,2021-12-06,45,False
529,254,2021-11-08,32,False
55,666,2022-03-25,25,False
1084,523,2023-01-13,52,True
5,269,2024-03-17,113,True
948,298,2020-12-09,14,False
829,245,2023-12-18,13,True
802,487,2023-11-01,38,False
1377,207,2024-10-21,32,True
505,300,2023-03-20,112,False
794,474,2021-10-15,99,True
272,675,2024-06-21,63,False
1139,10,2022-06-17,82,False
961,36,2022-06-14,34,True
402,548,2020-05-04,27,False
1468,194,2024-08-08,99,True
889,634,2022-06-14,115,True
508,325,2024-01-01,95,False
775,274,2024-02-08,93,True
791,461,2021-05-29,117,True
106,637,2024-02-21,2,False
1154,122,2024-01-02,19,True
211,574,2021-06-18,79,True
437,678,2024-07-02,19,False
446,66,2020-05-11,2,True
511,522,2021-05-02,72,True
1148,699,2024-05-20,53,True
1234,657,2024-01-15,96,False
1302,419,2020-10-11,22,True
399,121,2022-09-05,74,True
1309,169,2020-02-27,23,False
861,453,2020-05-11,46,False
705,228,2022-07-30,120,True
968,671,2023-05-11,27,False
977,612,2022-05-03,98,False
1377,243,2020-08-07,39,False
1093,638,2024-08-22,113,True
1259,101,2024-05-19,71,False
283,117,2024-10-05,115,False
932,580,2021-01-02,101,False
1243,592,2024-03-09,26,False
1206,218,2022-02-28,71,True
1385,37,2023-10-30,99,True
1139,378,2021-02-01,95,False
932,159,2024-06-25,67,False
1260,682,2024-08-14,33,True
242,128,2023-01-08,104,False
704,527,2023-12-25,45,False
246,578,2023-01-28,63,True
602,573,2021-06-02,96,True
1030,604,2022-06-15,83,True
319,605,2023-03-31,6,True
1078,83,2021-07-11,69,True
521,37,2021-02-15,59,True
1163,275,2023-06-23,71,True
136,537,2022-08-22,9,True
74,501,2021-07-22,86,True
738,502,2020-06-12,32,False
984,256,2020-12-11,106,True
1173,671,2021-02-04,117,False
204,287,2024-07-21,111,True
1215,660,2020-07-31,51,True
1208,539,2024-08-14,37,True
1438,185,2021-08-03,23,True
407,165,2022-12-04,117,False
609,290,2022-04-18,5,True
512,505,2024-12-06,104,True
1453,497,2022-11-11,91,False
896,253,2021-04-16,13,True
1400,325,2020-11-12,9,True
835,404,2020-11-05,47,True
1416,243,2021-04-27,3,False
969,614,2021-02-09,98,True
428,233,2023-04-04,72,False
467,291,2025-01-21,94,False
463,678,2022-10-19,10,False
908,399,2023-10-01,15,True
635,34,2022-03-31,50,True
1227,688,2021-10-02,27,False
1036,601,2022-04-04,43,False
107,277,2024-12-07,63,False
986,601,2021-01-24,32,True
115,518,2024-03-05,106,True
1113,312,2024-12-29,14,False
847,594,2024-09-14,42,False
1011,126,2022-04-20,27,False
1340,530,2021-05-29,54,False
1307,196,2023-11-17,53,True
302,529,2023-09-23,9,True
990,223,2020-07-14,86,True
6,326,2021-01-05,21,True
675,424,2024-02-15,24,False
1143,213,2024-02-16,10,True
465,283,2020-05-16,19,True
787,261,2023-05-07,112,False
788,665,2020-08-05,78,False
657,53,2022-12-16,32,True
133,539,2022-02-06,44,True
923,653,2021-10-28,63,True
63,636,2024-02-17,48,False
1368,625,2020-09-03,94,False
920,643,2021-03-15,15,False
437,644,2022-02-28,120,False
1157,99,2023-05-19,119,False
138,329,2022-02-01,78,True
267,59,2024-08-07,37,False
628,302,2023-08-12,38,False
264,482,2023-01-14,34,True
435,692,2020-09-08,78,False
624,429,2022-05-12,52,True
623,444,2021-12-29,100,False
1221,61,2023-08-16,102,False
1409,473,2022-04-15,41,True
6,465,2023-10-23,115,True
635,569,2021-09-19,84,False
410,110,2024-12-27,85,True
489,280,2023-05-24,26,True
1308,575,2025-01-06,12,True
313,12,2020-08-16,84,True
882,24,2023-02-01,61,False
301,395,2022-10-22,44,True
874,320,2023-01-19,110,True
440,417,2021-09-07,70,False
1,415,2020-10-14,103,False
330,162,2020-06-30,46,False
383,252,2025-02-09,83,True
259,111,2021-07-26,5,False
377,388,2023-07-08,99,False
309,502,2024-03-09,24,False
131,409,2021-03-18,5,False
536,473,2021-09-28,63,True
827,336,2022-11-13,27,False
568,246,2024-09-20,103,False
896,610,2022-06-28,78,False
1466,536,2020-04-01,2,False
996,65,2022-08-30,114,True
1144,511,2024-05-10,67,True
991,470,2023-09-06,5,False
805,198,2020-08-25,24,True
428,456,2024-06-20,25,True
421,358,2022-04-04,15,False
320,235,2020-05-19,96,False
613,302,2023-11-17,89,True
376,295,2022-04-03,2,False
500,141,2022-12-16,67,True
204,445,2022-07-12,71,True
1387,392,2023-09-23,71,True
970,3,2020-07-23,103,False
1364,665,2020-04-13,47,True
1495,167,2024-04-20,9,True
865,50,2025-02-04,65,True
795,47,2024-01-25,72,True
1301,81,2022-04-25,94,False
556,652,2020-08-28,87,True
993,266,2024-02-28,37,True
781,573,2023-11-14,89,True
1335,313,2024-07-17,65,False
346,427,2023-02-18,24,False
1473,21,2023-05-27,38,True
256,574,2022-06-13,42,False
821,357,2022-05-08,62,False
208,24,2021-06-12,71,True
1067,530,2022-10-25,31,False
878,583,2023-01-16,7,True
771,620,2025-01-21,45,False
515,365,2022-02-12,85,False
410,199,2022-04-02,41,True
668,187,2022-04-23,54,True
650,592,2024-09-06,71,True
781,527,2024-06-09,119,True
1415,54,2023-05-24,120,False
1316,437,2024-12-25,18,False
92,439,2022-11-13,49,True
398,647,2022-10-10,50,True
345,420,2023-08-12,41,True
783,235,2024-10-20,41,True
982,197,2020-08-31,85,True
432,300,2020-03-12,24,True
37,3,2021-03-21,89,False
1010,430,2021-08-29,97,False
1260,670,2020-04-11,33,False
1234,161,2023-12-04,115,False
1032,27,2023-09-28,70,False
470,43,2022-06-27,120,True
1175,643,2023-06-22,42,True
442,225,2023-03-30,49,True
237,261,2021-11-12,43,False
1296,423,2020-09-26,118,True
743,185,2024-05-21,24,False
766,331,2023-05-02,14,False
1019,323,2023-01-11,63,False
880,84,2024-12-18,56,False
1483,513,2023-09-19,8,False
334,654,2021-04-14,108,True
22,20,2024-03-07,81,True
877,129,2022-05-26,16,True
432,378,2021-03-28,68,False
418,406,2021-12-28,31,False
1132,588,2022-02-14,27,True
1319,275,2022-09-16,91,True
619,286,2021-03-11,73,False
373,421,2021-06-14,49,False
567,376,2024-10-17,60,True
1355,156,2022-03-14,114,False
1349,618,2022-08-07,16,False
1044,698,2022-03-07,2,False
90,381,2024-02-27,34,True
312,497,2020-05-08,29,True
588,376,2022-03-16,7,False
784,193,2024-01-29,47,True
1325,543,2023-01-19,38,False
851,177,2021-09-28,28,False
290,158,2023-06-29,67,True
1403,633,2023-09-12,49,True
951,126,2024-07-06,30,False
967,613,2023-05-04,85,False
838,615,2024-03-19,95,False
504,333,2023-03-08,51,False
1413,674,2022-02-03,13,True
1199,306,2020-09-14,60,False
1218,313,2023-05-30,30,False
1253,396,2021-01-13,58,False
1151,484,2021-10-04,83,True
935,69,2022-05-22,86,False
376,512,2023-05-20,26,True
116,668,2024-11-02,95,True
877,142,2022-02-11,112,False
902,146,2022-02-25,82,False
180,66,2021-03-28,81,True
667,652,2024-04-09,52,False
996,69,2023-06-25,22,False
994,230,2023-07-12,54,False
113,482,2020-11-25,95,True
497,122,2023-05-10,87,False
57,487,2022-01-02,33,True
14,437,2024-06-03,65,True
1374,167,2022-07-18,56,True
90,182,2024-08-09,85,True
1481,172,2021-01-14,29,True
1193,13,2021-03-06,113,False
227,163,2024-01-20,3,False
1150,217,2021-06-11,8,False
675,404,2021-06-02,86,True
472,375,2023-01-11,26,False
1082,375,2021-02-24,90,True
87,661,2021-08-21,18,False
158,552,2022-12-01,56,False
1008,143,2024-03-30,29,False
601,4,2022-09-30,26,True
1484,394,2024-07-24,63,False
123,634,2021-02-27,96,True
1154,464,2023-02-15,43,False
651,670,2021-12-05,40,True
600,501,2021-09-05,50,False
449,605,2022-10-08,6,False
1413,446,2023-11-02,45,True
1189,341,2020-08-05,115,True
806,200,2023-05-12,48,True
570,206,2022-01-30,118,False
272,30,2024-07-09,60,False
912,483,2021-01-25,113,False
798,75,2024-08-12,32,True
462,18,2020-03-14,110,False
1335,6,2024-08-18,14,False
789,451,2022-12-19,63,True
189,546,2023-02-20,71,False
295,147,2022-06-19,35,False
1102,614,2021-08-13,26,True
787,577,2020-06-14,87,True
1262,24,2023-06-26,92,False
768,301,2020-03-04,86,True
1059,73,2022-04-12,21,False
1426,556,2023-07-06,24,False
433,553,2020-08-09,5,True
377,318,2020-08-15,13,True
829,34,2024-04-13,27,False
632,186,2024-10-23,42,False
1403,640,2025-01-09,41,True
146,194,2022-05-07,17,False
559,306,2025-01-21,63,True
1199,563,2021-12-23,33,False
64,640,2023-01-13,115,False
1342,293,2020-03-17,68,False
1290,369,2023-07-26,28,True
357,676,2020-12-26,71,False
766,176,2024-04-18,58,True
783,404,2024-01-03,24,False
620,516,2021-09-09,83,True
237,646,2021-11-23,89,True
466,87,2024-07-01,59,False
1342,515,2021-04-16,117,False
60,292,2020-06-03,12,False
901,559,2024-01-12,110,False
504,19,2023-02-21,59,True
1073,28,2020-10-07,49,False
1201,467,2021-02-11,30,True
1287,543,2022-03-11,99,True
617,677,2022-09-14,104,True
649,674,2024-11-29,93,False
412,210,2023-10-25,45,True
165,351,2023-01-15,47,True
521,91,2023-12-27,45,False
913,612,2023-09-19,22,False
1111,644,2024-11-21,91,False
443,26,2021-02-09,117,True
334,447,2020-04-03,113,False
748,657,2022-03-23,67,True
1296,666,2021-09-27,31,True
550,292,2020-09-01,99,True
378,567,2021-04-27,78,False
695,462,2021-07-17,78,True
1057,691,2022-05-10,8,False
388,210,2020-03-06,61,False
1328,118,2020-12-29,109,True
313,177,2024-04-17,94,False
1301,634,2022-01-16,28,False
1329,442,2021-07-07,35,False
126,14,2024-11-28,107,False
887,117,2020-11-09,38,True
96,274,2022-11-13,108,False
1038,594,2022-11-22,52,False
897,66,2022-10-10,88,False
859,516,2021-12-06,36,False
372,516,2020-09-13,76,False
458,2,2021-05-14,70,True
264,700,2022-05-13,87,True
1207,444,2023-08-16,58,True
1291,622,2024-04-22,62,True
298,644,2022-04-13,49,True
984,692,2020-03-26,57,True
984,207,2020-03-10,2,True
599,32,2022-08-10,67,False
59,664,2020-03-16,64,True
1052,352,2022-09-17,102,True
934,414,2022-03-25,57,False
1433,82,2023-12-20,85,False
160,32,2024-10-26,17,False
1307,452,2021-01-04,75,False
496,226,2022-07-29,81,False
186,626,2020-09-30,26,True
90,493,2021-02-23,71,True
1050,249,2025-02-12,53,False
1239,428,2023-05-04,90,True
285,10,2024-08-25,103,False
1176,371,2024-02-16,73,False
34,639,2022-01-22,114,True
326,108,2023-09-20,35,True
1127,87,2020-07-31,87,False
469,619,2023-08-29,61,True
193,506,2022-02-16,92,False
46,251,2022-05-27,80,False
378,191,2020-06-29,32,False
355,681,2023-04-24,84,True
654,309,2020-10-30,28,True
38,468,2021-11-14,17,True
430,432,2020-06-18,45,False
1234,539,2020-07-18,76,True
581,444,2023-02-15,72,False
887,263,2024-02-03,77,True
316,438,2021-09-26,108,True
516,179,2022-02-18,14,False
313,371,2024-12-17,94,False
75,97,2023-05-01,33,False
204,152,2021-11-27,57,True
482,610,2021-09-29,4,False
398,423,2023-12-31,17,False
145,449,2024-12-17,64,True
1384,238,2021-02-14,42,True
1064,672,2024-06-21,75,True
1163,399,2021-08-08,99,False
1175,299,2022-01-30,83,False
1226,400,2022-01-11,20,True
617,9,2021-03-15,42,True
908,247,2023-08-19,113,False
727,403,2024-04-15,11,True
1053,660,2021-02-28,109,False
530,52,2023-09-18,92,False
1417,266,2021-04-26,79,True
244,371,2025-01-31,107,False
406,638,2023-09-07,4,True
727,591,2024-11-01,80,False
393,410,2020-09-16,111,False
468,335,2024-02-18,96,True
1324,481,2022-12-27,6,True
1288,636,2022-10-09,21,False
6,656,2024-11-17,46,True
1063,432,2020-12-12,119,False
162,8,2022-08-06,114,True
1413,443,2022-08-29,47,True
582,647,2021-04-02,82,True
1175,695,2022-03-31,90,True
712,7,2022-01-08,39,False
342,90,2023-01-29,68,False
239,129,2021-06-23,7,True
1314,396,2020-12-28,107,True
872,344,2022-11-01,97,True
424,386,2023-08-08,43,False
597,249,2020-07-26,56,False
1318,183,2021-05-08,1,False
758,289,2021-12-31,19,False
711,170,2021-07-31,32,False
1490,581,2022-09-17,111,True
1454,136,2024-05-15,100,False
169,333,2022-10-05,87,False
1032,565,2023-07-11,6,False
295,566,2024-08-20,43,False
16,30,2024-03-27,63,True
1117,545,2024-12-24,80,False
36,663,2021-04-12,83,True
1122,7,2024-05-09,118,False
163,10,2020-11-17,98,False
240,82,2024-11-02,74,True
174,292,2023-02-17,41,True
638,116,2023-03-02,12,False
1035,131,2020-10-04,18,True
642,517,2022-02-09,46,False
1448,459,2024-02-16,108,True
344,577,2020-08-12,72,True
925,120,2021-12-05,78,False
863,29,2023-02-21,45,True
1045,370,2025-02-04,120,False
302,349,2023-12-30,42,True
1430,249,2024-01-16,96,False
778,419,2024-10-06,119,True
1092,569,2020-04-16,5,True
1263,671,2024-11-27,101,False
318,282,2024-05-10,118,False
1237,382,2024-06-16,115,False
298,97,2022-08-14,117,True
278,108,2021-01-02,110,False
757,415,2024-01-18,88,True
219,688,2024-07-04,36,False
1364,29,2023-09-16,35,False
1397,447,2024-02-29,65,False
994,467,2022-01-21,42,False
331,390,2021-12-26,80,True
590,180,2023-11-09,93,True
1322,596,2022-01-10,19,False
218,5,2025-01-04,50,False
832,458,2022-09-17,41,False
1285,531,2025-02-20,32,True
164,58,2022-12-15,69,True
340,197,2024-05-02,35,True
382,220,2021-09-23,50,False
1307,343,2020-05-28,12,True
1117,443,2021-04-08,42,True
957,442,2020-08-03,119,True
1134,681,2021-11-26,7,False
1232,291,2022-11-05,107,False
842,113,2021-07-17,29,True
413,25,2021-03-08,94,True
711,393,2020-09-05,19,True
176,195,2022-09-22,116,False
28,410,2024-09-30,34,False
273,691,2020-12-20,4,False
1092,481,2021-02-28,52,True
1388,71,2022-05-11,90,True
186,243,2023-09-14,89,True
103,348,2024-08-26,60,True
738,110,2020-11-28,77,False
1250,228,2022-03-20,26,False
288,377,2024-09-10,11,True
464,547,2025-02-24,56,True
1180,627,2022-01-31,58,False
592,445,2022-03-24,70,True
1433,197,2020-10-11,65,False
971,203,2021-12-14,16,True
756,459,2024-08-09,28,True
557,39,2023-10-25,115,False
394,256,2021-11-04,73,True
1357,175,2022-08-11,54,False
1243,155,2025-01-15,56,False
680,22,2021-04-22,107,True
989,206,2021-12-25,104,True
116,102,2022-11-27,53,True
1132,557,2021-04-18,10,False
1002,135,2022-07-11,86,True
30,90,2021-10-29,2,True
355,528,2024-04-20,116,True
176,85,2021-02-07,9,True
385,626,2020-07-12,110,False
600,486,2022-07-11,20,False
892,296,2020-12-31,120,False
1342,588,2024-02-09,82,False
1003,76,2023-07-16,32,True
935,147,2021-09-27,118,True
863,109,2024-11-18,1,True
1034,248,2022-12-25,36,False
1308,2,2021-01-17,102,False
1282,673,2020-03-16,14,False
567,567,2022-04-12,28,True
382,207,2020-03-18,5,False
1041,77,2020-10-02,23,False
1500,520,2023-08-28,115,False
1080,116,2022-06-27,83,True
1380,63,2020-07-05,102,True
704,182,2022-06-05,63,True
874,654,2020-05-14,13,True
288,400,2022-02-02,107,True
1391,429,2024-02-19,89,True
589,178,2023-07-23,33,False
1128,444,2021-04-03,35,True
608,345,2021-02-18,96,True
464,65,2021-02-03,26,False
338,574,2024-08-24,60,True
471,206,2024-11-17,3,False
913,209,2020-04-29,60,False
437,318,2023-11-13,64,False
954,285,2020-06-19,103,False
609,12,2022-07-04,20,True
31,363,2022-03-27,106,False
1326,315,2024-06-09,89,True
263,118,2020-10-31,21,False
298,533,2021-01-25,116,True
683,654,2022-09-27,77,False
807,69,2024-07-06,8,False
27,641,2021-05-27,16,False
102,248,2020-09-30,30,False
1016,438,2025-01-21,76,True
280,228,2021-02-08,45,False
1175,108,2021-08-05,103,True
21,651,2020-02-26,25,True
200,407,2023-05-08,116,False
1457,381,2021-05-26,115,True
809,183,2022-04-24,5,False
17,585,2022-08-06,95,False
921,698,2020-09-10,74,False
176,304,2024-08-23,26,True
824,383,2022-11-02,90,False
649,506,2020-04-30,106,False
719,312,2020-09-27,117,False
1152,125,2023-09-12,81,False
87,687,2023-09-21,57,True
1006,170,2022-08-20,96,True
727,418,2020-10-28,53,True
1206,439,2023-01-17,23,False
1219,370,2020-04-22,35,True
120,301,2023-04-14,7,False
586,573,2024-05-11,101,False
157,12,2022-12-17,19,False
1,276,2023-06-08,79,True
1364,586,2024-08-19,49,False
209,103,2020-11-21,61,False
1334,265,2020-10-12,38,False
73,126,2022-02-05,105,True
780,88,2022-04-21,53,True
943,325,2022-01-16,73,True
206,30,2020-10-22,106,True
1466,24,2023-01-11,9,True
1104,220,2022-01-18,84,False
80,154,2021-09-19,45,False
359,33,2022-01-16,19,True
746,415,2020-12-13,17,True
611,225,2022-05-11,91,False
109,59,2025-02-16,43,False
141,225,2022-02-16,9,False
651,539,2021-04-17,92,False
244,155,2024-07-21,6,False
110,113,2021-06-20,17,True
1359,210,2021-06-25,113,True
990,83,2021-12-02,94,True
311,24,2023-04-11,77,True
635,393,2023-07-27,50,True
285,634,2022-03-19,52,True
153,74,2022-07-06,119,False
807,590,2024-03-22,120,False
207,483,2021-07-29,90,True
851,133,2023-10-21,54,False
1143,134,2021-07-26,117,True
556,364,2022-06-14,84,False
956,289,2023-12-08,92,False
672,37,2021-01-14,22,False
251,676,2022-02-20,46,False
222,566,2025-01-06,81,False
147,245,2020-12-15,40,False
141,510,2023-09-24,52,True
1352,200,2022-11-09,110,False
1179,561,2021-07-26,106,False
952,302,2023-12-05,114,False
1199,366,2023-11-30,118,False
446,453,2021-11-05,72,False
1351,173,2020-03-13,52,False
1415,607,2024-10-12,16,True
981,619,2024-03-12,80,False
400,582,2021-04-21,11,True
996,612,2022-04-18,23,True
1450,554,2020-03-28,65,True
562,19,2022-02-21,86,True
1352,642,2023-07-10,48,False
336,419,2022-08-05,28,True
1058,390,2024-08-14,78,True
935,243,2020-06-30,115,True
234,15,2020-04-04,87,False
488,486,2021-07-23,58,False
355,658,2023-03-05,38,False
501,327,2022-08-06,113,False
613,528,2020-03-25,1,False
1030,586,2023-10-28,33,True
807,136,2022-06-11,57,True
92,345,2023-05-27,60,False
634,239,2024-01-04,71,False
393,213,2023-09-30,37,False
330,168,2023-04-07,37,False
573,278,2020-09-13,17,False
337,175,2024-05-03,106,True
205,644,2021-05-24,25,True
565,2,2024-04-09,1,False
133,167,2024-05-26,95,False
1083,426,2022-10-26,79,True
675,21,2022-01-08,39,False
402,446,2021-06-27,84,False
102,241,2025-01-26,97,False
327,450,2021-02-10,5,True
1379,648,2021-04-10,22,True
410,430,2021-11-18,81,True
461,391,2023-06-01,107,True
819,228,2022-11-30,74,True
1030,282,2022-12-23,118,True
604,558,2023-11-09,11,True
124,2,2022-08-23,72,False
554,91,2022-05-09,29,False
289,424,2021-01-28,17,True
1043,591,2022-05-15,91,True
36,562,2025-02-21,46,True
72,33,2021-10-27,94,True
1491,615,2020-03-10,120,False
801,344,2020-06-01,60,False
241,53,2020-10-07,101,False
77,193,2023-04-14,13,False
170,84,2020-02-29,15,False
1342,7,2022-01-05,69,False
1149,145,2024-12-01,20,True
1053,341,2021-09-14,43,False
1015,422,2022-04-25,84,False
951,389,2020-04-04,62,False
68,653,2022-03-06,113,False
407,287,2020-07-21,33,False
17,599,2025-02-14,35,False
612,183,2021-07-20,64,False
107,491,2021-04-30,52,False
